/*******************************************************************************
 * Size: 32 px
 * Bpp: 8
 * Opts: --bpp 8 --size 32 --no-compress --stride 1 --align 1 --font NotoSansJP-Bold.ttf --range 65-90,12473,12463,12540,12499,12539 --format lvgl -o Klor_Mixed_32.c
 ******************************************************************************/

#ifdef __has_include
    #if __has_include("lvgl.h")
        #ifndef LV_LVGL_H_INCLUDE_SIMPLE
            #define LV_LVGL_H_INCLUDE_SIMPLE
        #endif
    #endif
#endif

#ifdef LV_LVGL_H_INCLUDE_SIMPLE
    #include "lvgl.h"
#else
    #include "lvgl/lvgl.h"
#endif



#ifndef KLOR_MIXED_32
#define KLOR_MIXED_32 1
#endif

#if KLOR_MIXED_32

/*-----------------
 *    BITMAPS
 *----------------*/

/*Store the image of the glyphs*/
static LV_ATTRIBUTE_LARGE_CONST const uint8_t glyph_bitmap[] = {
    /* U+0041 "A" */
    0x0, 0x0, 0x0, 0x0, 0x0, 0x0, 0x0, 0x0,
    0xb2, 0xff, 0xff, 0xff, 0xff, 0xff, 0x36, 0x0,
    0x0, 0x0, 0x0, 0x0, 0x0, 0x0, 0x0, 0x0,
    0x0, 0x0, 0x0, 0x0, 0x0, 0xa, 0xf7, 0xff,
    0xff, 0xff, 0xff, 0xff, 0x85, 0x0, 0x0, 0x0,
    0x0, 0x0, 0x0, 0x0, 0x0, 0x0, 0x0, 0x0,
    0x0, 0x0, 0x0, 0x4e, 0xff, 0xff, 0xff, 0xff,
    0xff, 0xff, 0xd2, 0x0, 0x0, 0x0, 0x0, 0x0,
    0x0, 0x0, 0x0, 0x0, 0x0, 0x0, 0x0, 0x0,
    0x0, 0x9b, 0xff, 0xff, 0xff, 0xfc, 0xff, 0xff,
    0xff, 0x1f, 0x0, 0x0, 0x0, 0x0, 0x0, 0x0,
    0x0, 0x0, 0x0, 0x0, 0x0, 0x0, 0x2, 0xe8,
    0xff, 0xff, 0xee, 0xa5, 0xff, 0xff, 0xff, 0x6e,
    0x0, 0x0, 0x0, 0x0, 0x0, 0x0, 0x0, 0x0,
    0x0, 0x0, 0x0, 0x0, 0x36, 0xff, 0xff, 0xff,
    0xb5, 0x5f, 0xff, 0xff, 0xff, 0xba, 0x0, 0x0,
    0x0, 0x0, 0x0, 0x0, 0x0, 0x0, 0x0, 0x0,
    0x0, 0x0, 0x85, 0xff, 0xff, 0xff, 0x77, 0x1c,
    0xff, 0xff, 0xff, 0xfa, 0xe, 0x0, 0x0, 0x0,
    0x0, 0x0, 0x0, 0x0, 0x0, 0x0, 0x0, 0x0,
    0xd2, 0xff, 0xff, 0xff, 0x39, 0x0, 0xdf, 0xff,
    0xff, 0xff, 0x56, 0x0, 0x0, 0x0, 0x0, 0x0,
    0x0, 0x0, 0x0, 0x0, 0x0, 0x20, 0xff, 0xff,
    0xff, 0xf4, 0x5, 0x0, 0xa0, 0xff, 0xff, 0xff,
    0xa3, 0x0, 0x0, 0x0, 0x0, 0x0, 0x0, 0x0,
    0x0, 0x0, 0x0, 0x6e, 0xff, 0xff, 0xff, 0xb8,
    0x0, 0x0, 0x60, 0xff, 0xff, 0xff, 0xee, 0x4,
    0x0, 0x0, 0x0, 0x0, 0x0, 0x0, 0x0, 0x0,
    0x0, 0xba, 0xff, 0xff, 0xff, 0x75, 0x0, 0x0,
    0x20, 0xff, 0xff, 0xff, 0xff, 0x3e, 0x0, 0x0,
    0x0, 0x0, 0x0, 0x0, 0x0, 0x0, 0xe, 0xfa,
    0xff, 0xff, 0xff, 0x34, 0x0, 0x0, 0x0, 0xdc,
    0xff, 0xff, 0xff, 0x8d, 0x0, 0x0, 0x0, 0x0,
    0x0, 0x0, 0x0, 0x0, 0x56, 0xff, 0xff, 0xff,
    0xee, 0x2, 0x0, 0x0, 0x0, 0x99, 0xff, 0xff,
    0xff, 0xda, 0x0, 0x0, 0x0, 0x0, 0x0, 0x0,
    0x0, 0x0, 0xa4, 0xff, 0xff, 0xff, 0xad, 0x0,
    0x0, 0x0, 0x0, 0x57, 0xff, 0xff, 0xff, 0xff,
    0x27, 0x0, 0x0, 0x0, 0x0, 0x0, 0x0, 0x4,
    0xee, 0xff, 0xff, 0xff, 0x6b, 0x0, 0x0, 0x0,
    0x0, 0x15, 0xff, 0xff, 0xff, 0xff, 0x75, 0x0,
    0x0, 0x0, 0x0, 0x0, 0x0, 0x3e, 0xff, 0xff,
    0xff, 0xff, 0xff, 0xff, 0xff, 0xff, 0xff, 0xff,
    0xff, 0xff, 0xff, 0xff, 0xc2, 0x0, 0x0, 0x0,
    0x0, 0x0, 0x0, 0x8d, 0xff, 0xff, 0xff, 0xff,
    0xff, 0xff, 0xff, 0xff, 0xff, 0xff, 0xff, 0xff,
    0xff, 0xff, 0xfd, 0x14, 0x0, 0x0, 0x0, 0x0,
    0x0, 0xda, 0xff, 0xff, 0xff, 0xff, 0xff, 0xff,
    0xff, 0xff, 0xff, 0xff, 0xff, 0xff, 0xff, 0xff,
    0xff, 0x5e, 0x0, 0x0, 0x0, 0x0, 0x28, 0xff,
    0xff, 0xff, 0xff, 0xde, 0xd0, 0xd0, 0xd0, 0xd0,
    0xd0, 0xd0, 0xd0, 0xff, 0xff, 0xff, 0xff, 0xab,
    0x0, 0x0, 0x0, 0x0, 0x75, 0xff, 0xff, 0xff,
    0xff, 0x1c, 0x0, 0x0, 0x0, 0x0, 0x0, 0x0,
    0x0, 0xc9, 0xff, 0xff, 0xff, 0xf3, 0x7, 0x0,
    0x0, 0x0, 0xc2, 0xff, 0xff, 0xff, 0xd9, 0x0,
    0x0, 0x0, 0x0, 0x0, 0x0, 0x0, 0x0, 0x86,
    0xff, 0xff, 0xff, 0xff, 0x46, 0x0, 0x0, 0x14,
    0xfd, 0xff, 0xff, 0xff, 0x96, 0x0, 0x0, 0x0,
    0x0, 0x0, 0x0, 0x0, 0x0, 0x44, 0xff, 0xff,
    0xff, 0xff, 0x95, 0x0, 0x0, 0x5f, 0xff, 0xff,
    0xff, 0xff, 0x53, 0x0, 0x0, 0x0, 0x0, 0x0,
    0x0, 0x0, 0x0, 0xa, 0xf8, 0xff, 0xff, 0xff,
    0xe1, 0x0, 0x0, 0xac, 0xff, 0xff, 0xff, 0xfe,
    0x12, 0x0, 0x0, 0x0, 0x0, 0x0, 0x0, 0x0,
    0x0, 0x0, 0xc0, 0xff, 0xff, 0xff, 0xff, 0x2f,
    0x7, 0xf3, 0xff, 0xff, 0xff, 0xcd, 0x0, 0x0,
    0x0, 0x0, 0x0, 0x0, 0x0, 0x0, 0x0, 0x0,
    0x7d, 0xff, 0xff, 0xff, 0xff, 0x7e,

    /* U+0042 "B" */
    0x18, 0xff, 0xff, 0xff, 0xff, 0xff, 0xff, 0xff,
    0xff, 0xfa, 0xe8, 0xc8, 0x94, 0x46, 0x2, 0x0,
    0x0, 0x0, 0x0, 0x18, 0xff, 0xff, 0xff, 0xff,
    0xff, 0xff, 0xff, 0xff, 0xff, 0xff, 0xff, 0xff,
    0xff, 0xd0, 0x2f, 0x0, 0x0, 0x0, 0x18, 0xff,
    0xff, 0xff, 0xff, 0xff, 0xff, 0xff, 0xff, 0xff,
    0xff, 0xff, 0xff, 0xff, 0xff, 0xf2, 0x30, 0x0,
    0x0, 0x18, 0xff, 0xff, 0xff, 0xff, 0xea, 0xc4,
    0xc4, 0xc5, 0xd2, 0xf8, 0xff, 0xff, 0xff, 0xff,
    0xff, 0xc6, 0x0, 0x0, 0x18, 0xff, 0xff, 0xff,
    0xff, 0xa4, 0x0, 0x0, 0x0, 0x0, 0x9, 0x6c,
    0xfc, 0xff, 0xff, 0xff, 0xff, 0x1f, 0x0, 0x18,
    0xff, 0xff, 0xff, 0xff, 0xa4, 0x0, 0x0, 0x0,
    0x0, 0x0, 0x0, 0x92, 0xff, 0xff, 0xff, 0xff,
    0x49, 0x0, 0x18, 0xff, 0xff, 0xff, 0xff, 0xa4,
    0x0, 0x0, 0x0, 0x0, 0x0, 0x0, 0x51, 0xff,
    0xff, 0xff, 0xff, 0x51, 0x0, 0x18, 0xff, 0xff,
    0xff, 0xff, 0xa4, 0x0, 0x0, 0x0, 0x0, 0x0,
    0x0, 0x53, 0xff, 0xff, 0xff, 0xff, 0x34, 0x0,
    0x18, 0xff, 0xff, 0xff, 0xff, 0xa4, 0x0, 0x0,
    0x0, 0x0, 0x0, 0x0, 0x9e, 0xff, 0xff, 0xff,
    0xeb, 0x4, 0x0, 0x18, 0xff, 0xff, 0xff, 0xff,
    0xa4, 0x0, 0x0, 0x0, 0x0, 0x2, 0x69, 0xfe,
    0xff, 0xff, 0xff, 0x7e, 0x0, 0x0, 0x18, 0xff,
    0xff, 0xff, 0xff, 0xdc, 0x9c, 0x9c, 0x9d, 0xae,
    0xe3, 0xff, 0xff, 0xff, 0xff, 0xca, 0x8, 0x0,
    0x0, 0x18, 0xff, 0xff, 0xff, 0xff, 0xff, 0xff,
    0xff, 0xff, 0xff, 0xff, 0xff, 0xff, 0xff, 0x9b,
    0xd, 0x0, 0x0, 0x0, 0x18, 0xff, 0xff, 0xff,
    0xff, 0xff, 0xff, 0xff, 0xff, 0xff, 0xff, 0xff,
    0xff, 0xff, 0xee, 0x8b, 0xc, 0x0, 0x0, 0x18,
    0xff, 0xff, 0xff, 0xff, 0xff, 0xff, 0xff, 0xff,
    0xff, 0xff, 0xff, 0xff, 0xff, 0xff, 0xff, 0xd4,
    0x17, 0x0, 0x18, 0xff, 0xff, 0xff, 0xff, 0xa4,
    0x0, 0x0, 0x0, 0x4, 0x1d, 0x53, 0xc0, 0xff,
    0xff, 0xff, 0xff, 0xb9, 0x0, 0x18, 0xff, 0xff,
    0xff, 0xff, 0xa4, 0x0, 0x0, 0x0, 0x0, 0x0,
    0x0, 0x1, 0xab, 0xff, 0xff, 0xff, 0xff, 0x2e,
    0x18, 0xff, 0xff, 0xff, 0xff, 0xa4, 0x0, 0x0,
    0x0, 0x0, 0x0, 0x0, 0x0, 0x37, 0xff, 0xff,
    0xff, 0xff, 0x6b, 0x18, 0xff, 0xff, 0xff, 0xff,
    0xa4, 0x0, 0x0, 0x0, 0x0, 0x0, 0x0, 0x0,
    0x1b, 0xff, 0xff, 0xff, 0xff, 0x82, 0x18, 0xff,
    0xff, 0xff, 0xff, 0xa4, 0x0, 0x0, 0x0, 0x0,
    0x0, 0x0, 0x0, 0x38, 0xff, 0xff, 0xff, 0xff,
    0x79, 0x18, 0xff, 0xff, 0xff, 0xff, 0xa4, 0x0,
    0x0, 0x0, 0x0, 0x0, 0x0, 0x0, 0xa2, 0xff,
    0xff, 0xff, 0xff, 0x54, 0x18, 0xff, 0xff, 0xff,
    0xff, 0xa4, 0x0, 0x0, 0x0, 0x0, 0x0, 0x21,
    0x9e, 0xff, 0xff, 0xff, 0xff, 0xf7, 0x10, 0x18,
    0xff, 0xff, 0xff, 0xff, 0xea, 0xc4, 0xc4, 0xc4,
    0xc9, 0xe3, 0xff, 0xff, 0xff, 0xff, 0xff, 0xff,
    0x84, 0x0, 0x18, 0xff, 0xff, 0xff, 0xff, 0xff,
    0xff, 0xff, 0xff, 0xff, 0xff, 0xff, 0xff, 0xff,
    0xff, 0xff, 0xad, 0x3, 0x0, 0x18, 0xff, 0xff,
    0xff, 0xff, 0xff, 0xff, 0xff, 0xff, 0xff, 0xff,
    0xff, 0xff, 0xff, 0xf2, 0x78, 0x2, 0x0, 0x0,
    0x18, 0xff, 0xff, 0xff, 0xff, 0xff, 0xff, 0xff,
    0xff, 0xfe, 0xf4, 0xd8, 0xa9, 0x63, 0xf, 0x0,
    0x0, 0x0, 0x0,

    /* U+0043 "C" */
    0x0, 0x0, 0x0, 0x0, 0x0, 0x0, 0x0, 0x26,
    0x81, 0xc2, 0xeb, 0xfd, 0xf6, 0xd4, 0x94, 0x30,
    0x0, 0x0, 0x0, 0x0, 0x0, 0x0, 0x0, 0x0,
    0x0, 0x18, 0xa7, 0xfe, 0xff, 0xff, 0xff, 0xff,
    0xff, 0xff, 0xff, 0xff, 0xa1, 0x12, 0x0, 0x0,
    0x0, 0x0, 0x0, 0x0, 0x3a, 0xea, 0xff, 0xff,
    0xff, 0xff, 0xff, 0xff, 0xff, 0xff, 0xff, 0xff,
    0xff, 0xdf, 0x26, 0x0, 0x0, 0x0, 0x0, 0x36,
    0xf5, 0xff, 0xff, 0xff, 0xff, 0xff, 0xff, 0xff,
    0xff, 0xff, 0xff, 0xff, 0xff, 0xff, 0x61, 0x0,
    0x0, 0x0, 0x10, 0xe4, 0xff, 0xff, 0xff, 0xff,
    0xff, 0xb6, 0x5e, 0x3a, 0x41, 0x76, 0xe0, 0xff,
    0xff, 0x96, 0x0, 0x0, 0x0, 0x0, 0x95, 0xff,
    0xff, 0xff, 0xff, 0xf3, 0x4d, 0x0, 0x0, 0x0,
    0x0, 0x0, 0x8, 0x95, 0xc4, 0x6, 0x0, 0x0,
    0x0, 0x19, 0xfb, 0xff, 0xff, 0xff, 0xff, 0x4b,
    0x0, 0x0, 0x0, 0x0, 0x0, 0x0, 0x0, 0x0,
    0xa, 0x0, 0x0, 0x0, 0x0, 0x79, 0xff, 0xff,
    0xff, 0xff, 0xa6, 0x0, 0x0, 0x0, 0x0, 0x0,
    0x0, 0x0, 0x0, 0x0, 0x0, 0x0, 0x0, 0x0,
    0x0, 0xc6, 0xff, 0xff, 0xff, 0xff, 0x37, 0x0,
    0x0, 0x0, 0x0, 0x0, 0x0, 0x0, 0x0, 0x0,
    0x0, 0x0, 0x0, 0x0, 0x5, 0xf9, 0xff, 0xff,
    0xff, 0xeb, 0x1, 0x0, 0x0, 0x0, 0x0, 0x0,
    0x0, 0x0, 0x0, 0x0, 0x0, 0x0, 0x0, 0x0,
    0x24, 0xff, 0xff, 0xff, 0xff, 0xbc, 0x0, 0x0,
    0x0, 0x0, 0x0, 0x0, 0x0, 0x0, 0x0, 0x0,
    0x0, 0x0, 0x0, 0x0, 0x39, 0xff, 0xff, 0xff,
    0xff, 0xa2, 0x0, 0x0, 0x0, 0x0, 0x0, 0x0,
    0x0, 0x0, 0x0, 0x0, 0x0, 0x0, 0x0, 0x0,
    0x42, 0xff, 0xff, 0xff, 0xff, 0x9a, 0x0, 0x0,
    0x0, 0x0, 0x0, 0x0, 0x0, 0x0, 0x0, 0x0,
    0x0, 0x0, 0x0, 0x0, 0x3c, 0xff, 0xff, 0xff,
    0xff, 0xa3, 0x0, 0x0, 0x0, 0x0, 0x0, 0x0,
    0x0, 0x0, 0x0, 0x0, 0x0, 0x0, 0x0, 0x0,
    0x29, 0xff, 0xff, 0xff, 0xff, 0xbc, 0x0, 0x0,
    0x0, 0x0, 0x0, 0x0, 0x0, 0x0, 0x0, 0x0,
    0x0, 0x0, 0x0, 0x0, 0xb, 0xfe, 0xff, 0xff,
    0xff, 0xec, 0x1, 0x0, 0x0, 0x0, 0x0, 0x0,
    0x0, 0x0, 0x0, 0x0, 0x0, 0x0, 0x0, 0x0,
    0x0, 0xd4, 0xff, 0xff, 0xff, 0xff, 0x36, 0x0,
    0x0, 0x0, 0x0, 0x0, 0x0, 0x0, 0x0, 0x0,
    0x0, 0x0, 0x0, 0x0, 0x0, 0x8b, 0xff, 0xff,
    0xff, 0xff, 0xa2, 0x0, 0x0, 0x0, 0x0, 0x0,
    0x0, 0x0, 0x0, 0x0, 0x0, 0x0, 0x0, 0x0,
    0x0, 0x2c, 0xff, 0xff, 0xff, 0xff, 0xfe, 0x41,
    0x0, 0x0, 0x0, 0x0, 0x0, 0x0, 0x0, 0x0,
    0x51, 0x1, 0x0, 0x0, 0x0, 0x0, 0xb2, 0xff,
    0xff, 0xff, 0xff, 0xf0, 0x43, 0x0, 0x0, 0x0,
    0x0, 0x0, 0xa, 0x97, 0xff, 0x85, 0x0, 0x0,
    0x0, 0x0, 0x24, 0xf5, 0xff, 0xff, 0xff, 0xff,
    0xff, 0xb1, 0x60, 0x41, 0x4a, 0x80, 0xe6, 0xff,
    0xff, 0xff, 0x5f, 0x0, 0x0, 0x0, 0x0, 0x57,
    0xfe, 0xff, 0xff, 0xff, 0xff, 0xff, 0xff, 0xff,
    0xff, 0xff, 0xff, 0xff, 0xff, 0xff, 0xdf, 0x4,
    0x0, 0x0, 0x0, 0x0, 0x5f, 0xf9, 0xff, 0xff,
    0xff, 0xff, 0xff, 0xff, 0xff, 0xff, 0xff, 0xff,
    0xff, 0xe3, 0x2b, 0x0, 0x0, 0x0, 0x0, 0x0,
    0x0, 0x32, 0xc9, 0xff, 0xff, 0xff, 0xff, 0xff,
    0xff, 0xff, 0xff, 0xff, 0xac, 0x16, 0x0, 0x0,
    0x0, 0x0, 0x0, 0x0, 0x0, 0x0, 0x0, 0x3f,
    0x96, 0xd0, 0xf1, 0xfe, 0xf2, 0xcf, 0x91, 0x31,
    0x0, 0x0, 0x0, 0x0,

    /* U+0044 "D" */
    0x18, 0xff, 0xff, 0xff, 0xff, 0xff, 0xff, 0xff,
    0xf6, 0xe0, 0xb7, 0x7b, 0x29, 0x0, 0x0, 0x0,
    0x0, 0x0, 0x0, 0x0, 0x18, 0xff, 0xff, 0xff,
    0xff, 0xff, 0xff, 0xff, 0xff, 0xff, 0xff, 0xff,
    0xff, 0xbb, 0x2d, 0x0, 0x0, 0x0, 0x0, 0x0,
    0x18, 0xff, 0xff, 0xff, 0xff, 0xff, 0xff, 0xff,
    0xff, 0xff, 0xff, 0xff, 0xff, 0xff, 0xfa, 0x65,
    0x0, 0x0, 0x0, 0x0, 0x18, 0xff, 0xff, 0xff,
    0xff, 0xfa, 0xf0, 0xf5, 0xff, 0xff, 0xff, 0xff,
    0xff, 0xff, 0xff, 0xff, 0x62, 0x0, 0x0, 0x0,
    0x18, 0xff, 0xff, 0xff, 0xff, 0xa4, 0x0, 0x0,
    0xb, 0x3e, 0x96, 0xf7, 0xff, 0xff, 0xff, 0xff,
    0xf9, 0x2c, 0x0, 0x0, 0x18, 0xff, 0xff, 0xff,
    0xff, 0xa4, 0x0, 0x0, 0x0, 0x0, 0x0, 0x28,
    0xe0, 0xff, 0xff, 0xff, 0xff, 0xba, 0x0, 0x0,
    0x18, 0xff, 0xff, 0xff, 0xff, 0xa4, 0x0, 0x0,
    0x0, 0x0, 0x0, 0x0, 0x2b, 0xf9, 0xff, 0xff,
    0xff, 0xff, 0x2c, 0x0, 0x18, 0xff, 0xff, 0xff,
    0xff, 0xa4, 0x0, 0x0, 0x0, 0x0, 0x0, 0x0,
    0x0, 0x92, 0xff, 0xff, 0xff, 0xff, 0x81, 0x0,
    0x18, 0xff, 0xff, 0xff, 0xff, 0xa4, 0x0, 0x0,
    0x0, 0x0, 0x0, 0x0, 0x0, 0x33, 0xff, 0xff,
    0xff, 0xff, 0xc1, 0x0, 0x18, 0xff, 0xff, 0xff,
    0xff, 0xa4, 0x0, 0x0, 0x0, 0x0, 0x0, 0x0,
    0x0, 0x2, 0xf4, 0xff, 0xff, 0xff, 0xef, 0x0,
    0x18, 0xff, 0xff, 0xff, 0xff, 0xa4, 0x0, 0x0,
    0x0, 0x0, 0x0, 0x0, 0x0, 0x0, 0xd1, 0xff,
    0xff, 0xff, 0xff, 0xa, 0x18, 0xff, 0xff, 0xff,
    0xff, 0xa4, 0x0, 0x0, 0x0, 0x0, 0x0, 0x0,
    0x0, 0x0, 0xbf, 0xff, 0xff, 0xff, 0xff, 0x1b,
    0x18, 0xff, 0xff, 0xff, 0xff, 0xa4, 0x0, 0x0,
    0x0, 0x0, 0x0, 0x0, 0x0, 0x0, 0xb9, 0xff,
    0xff, 0xff, 0xff, 0x1f, 0x18, 0xff, 0xff, 0xff,
    0xff, 0xa4, 0x0, 0x0, 0x0, 0x0, 0x0, 0x0,
    0x0, 0x0, 0xc2, 0xff, 0xff, 0xff, 0xff, 0x19,
    0x18, 0xff, 0xff, 0xff, 0xff, 0xa4, 0x0, 0x0,
    0x0, 0x0, 0x0, 0x0, 0x0, 0x0, 0xd8, 0xff,
    0xff, 0xff, 0xff, 0x6, 0x18, 0xff, 0xff, 0xff,
    0xff, 0xa4, 0x0, 0x0, 0x0, 0x0, 0x0, 0x0,
    0x0, 0x7, 0xf9, 0xff, 0xff, 0xff, 0xe5, 0x0,
    0x18, 0xff, 0xff, 0xff, 0xff, 0xa4, 0x0, 0x0,
    0x0, 0x0, 0x0, 0x0, 0x0, 0x42, 0xff, 0xff,
    0xff, 0xff, 0xb6, 0x0, 0x18, 0xff, 0xff, 0xff,
    0xff, 0xa4, 0x0, 0x0, 0x0, 0x0, 0x0, 0x0,
    0x0, 0xa5, 0xff, 0xff, 0xff, 0xff, 0x74, 0x0,
    0x18, 0xff, 0xff, 0xff, 0xff, 0xa4, 0x0, 0x0,
    0x0, 0x0, 0x0, 0x0, 0x3c, 0xfe, 0xff, 0xff,
    0xff, 0xfd, 0x1e, 0x0, 0x18, 0xff, 0xff, 0xff,
    0xff, 0xa4, 0x0, 0x0, 0x0, 0x0, 0x0, 0x36,
    0xeb, 0xff, 0xff, 0xff, 0xff, 0xa7, 0x0, 0x0,
    0x18, 0xff, 0xff, 0xff, 0xff, 0xa4, 0x0, 0x0,
    0x14, 0x47, 0xa3, 0xfc, 0xff, 0xff, 0xff, 0xff,
    0xf2, 0x1f, 0x0, 0x0, 0x18, 0xff, 0xff, 0xff,
    0xff, 0xfd, 0xf8, 0xfd, 0xff, 0xff, 0xff, 0xff,
    0xff, 0xff, 0xff, 0xfe, 0x53, 0x0, 0x0, 0x0,
    0x18, 0xff, 0xff, 0xff, 0xff, 0xff, 0xff, 0xff,
    0xff, 0xff, 0xff, 0xff, 0xff, 0xff, 0xf7, 0x59,
    0x0, 0x0, 0x0, 0x0, 0x18, 0xff, 0xff, 0xff,
    0xff, 0xff, 0xff, 0xff, 0xff, 0xff, 0xff, 0xff,
    0xff, 0xb7, 0x29, 0x0, 0x0, 0x0, 0x0, 0x0,
    0x18, 0xff, 0xff, 0xff, 0xff, 0xff, 0xff, 0xff,
    0xf9, 0xe4, 0xbd, 0x80, 0x2c, 0x0, 0x0, 0x0,
    0x0, 0x0, 0x0, 0x0,

    /* U+0045 "E" */
    0x18, 0xff, 0xff, 0xff, 0xff, 0xff, 0xff, 0xff,
    0xff, 0xff, 0xff, 0xff, 0xff, 0xff, 0xff, 0x70,
    0x18, 0xff, 0xff, 0xff, 0xff, 0xff, 0xff, 0xff,
    0xff, 0xff, 0xff, 0xff, 0xff, 0xff, 0xff, 0x70,
    0x18, 0xff, 0xff, 0xff, 0xff, 0xff, 0xff, 0xff,
    0xff, 0xff, 0xff, 0xff, 0xff, 0xff, 0xff, 0x70,
    0x18, 0xff, 0xff, 0xff, 0xff, 0xff, 0xff, 0xff,
    0xff, 0xff, 0xff, 0xff, 0xff, 0xff, 0xff, 0x70,
    0x18, 0xff, 0xff, 0xff, 0xff, 0xad, 0x18, 0x18,
    0x18, 0x18, 0x18, 0x18, 0x18, 0x18, 0x18, 0xb,
    0x18, 0xff, 0xff, 0xff, 0xff, 0xa4, 0x0, 0x0,
    0x0, 0x0, 0x0, 0x0, 0x0, 0x0, 0x0, 0x0,
    0x18, 0xff, 0xff, 0xff, 0xff, 0xa4, 0x0, 0x0,
    0x0, 0x0, 0x0, 0x0, 0x0, 0x0, 0x0, 0x0,
    0x18, 0xff, 0xff, 0xff, 0xff, 0xa4, 0x0, 0x0,
    0x0, 0x0, 0x0, 0x0, 0x0, 0x0, 0x0, 0x0,
    0x18, 0xff, 0xff, 0xff, 0xff, 0xa4, 0x0, 0x0,
    0x0, 0x0, 0x0, 0x0, 0x0, 0x0, 0x0, 0x0,
    0x18, 0xff, 0xff, 0xff, 0xff, 0xa4, 0x0, 0x0,
    0x0, 0x0, 0x0, 0x0, 0x0, 0x0, 0x0, 0x0,
    0x18, 0xff, 0xff, 0xff, 0xff, 0xff, 0xff, 0xff,
    0xff, 0xff, 0xff, 0xff, 0xff, 0xf0, 0x0, 0x0,
    0x18, 0xff, 0xff, 0xff, 0xff, 0xff, 0xff, 0xff,
    0xff, 0xff, 0xff, 0xff, 0xff, 0xf0, 0x0, 0x0,
    0x18, 0xff, 0xff, 0xff, 0xff, 0xff, 0xff, 0xff,
    0xff, 0xff, 0xff, 0xff, 0xff, 0xf0, 0x0, 0x0,
    0x18, 0xff, 0xff, 0xff, 0xff, 0xff, 0xff, 0xff,
    0xff, 0xff, 0xff, 0xff, 0xff, 0xf0, 0x0, 0x0,
    0x18, 0xff, 0xff, 0xff, 0xff, 0xad, 0x18, 0x18,
    0x18, 0x18, 0x18, 0x18, 0x18, 0x17, 0x0, 0x0,
    0x18, 0xff, 0xff, 0xff, 0xff, 0xa4, 0x0, 0x0,
    0x0, 0x0, 0x0, 0x0, 0x0, 0x0, 0x0, 0x0,
    0x18, 0xff, 0xff, 0xff, 0xff, 0xa4, 0x0, 0x0,
    0x0, 0x0, 0x0, 0x0, 0x0, 0x0, 0x0, 0x0,
    0x18, 0xff, 0xff, 0xff, 0xff, 0xa4, 0x0, 0x0,
    0x0, 0x0, 0x0, 0x0, 0x0, 0x0, 0x0, 0x0,
    0x18, 0xff, 0xff, 0xff, 0xff, 0xa4, 0x0, 0x0,
    0x0, 0x0, 0x0, 0x0, 0x0, 0x0, 0x0, 0x0,
    0x18, 0xff, 0xff, 0xff, 0xff, 0xa4, 0x0, 0x0,
    0x0, 0x0, 0x0, 0x0, 0x0, 0x0, 0x0, 0x0,
    0x18, 0xff, 0xff, 0xff, 0xff, 0xae, 0x1c, 0x1c,
    0x1c, 0x1c, 0x1c, 0x1c, 0x1c, 0x1c, 0x1c, 0x16,
    0x18, 0xff, 0xff, 0xff, 0xff, 0xff, 0xff, 0xff,
    0xff, 0xff, 0xff, 0xff, 0xff, 0xff, 0xff, 0xcc,
    0x18, 0xff, 0xff, 0xff, 0xff, 0xff, 0xff, 0xff,
    0xff, 0xff, 0xff, 0xff, 0xff, 0xff, 0xff, 0xcc,
    0x18, 0xff, 0xff, 0xff, 0xff, 0xff, 0xff, 0xff,
    0xff, 0xff, 0xff, 0xff, 0xff, 0xff, 0xff, 0xcc,
    0x18, 0xff, 0xff, 0xff, 0xff, 0xff, 0xff, 0xff,
    0xff, 0xff, 0xff, 0xff, 0xff, 0xff, 0xff, 0xcc,

    /* U+0046 "F" */
    0x18, 0xff, 0xff, 0xff, 0xff, 0xff, 0xff, 0xff,
    0xff, 0xff, 0xff, 0xff, 0xff, 0xff, 0xff, 0x80,
    0x18, 0xff, 0xff, 0xff, 0xff, 0xff, 0xff, 0xff,
    0xff, 0xff, 0xff, 0xff, 0xff, 0xff, 0xff, 0x80,
    0x18, 0xff, 0xff, 0xff, 0xff, 0xff, 0xff, 0xff,
    0xff, 0xff, 0xff, 0xff, 0xff, 0xff, 0xff, 0x80,
    0x18, 0xff, 0xff, 0xff, 0xff, 0xff, 0xff, 0xff,
    0xff, 0xff, 0xff, 0xff, 0xff, 0xff, 0xff, 0x80,
    0x18, 0xff, 0xff, 0xff, 0xff, 0xad, 0x18, 0x18,
    0x18, 0x18, 0x18, 0x18, 0x18, 0x18, 0x18, 0xc,
    0x18, 0xff, 0xff, 0xff, 0xff, 0xa4, 0x0, 0x0,
    0x0, 0x0, 0x0, 0x0, 0x0, 0x0, 0x0, 0x0,
    0x18, 0xff, 0xff, 0xff, 0xff, 0xa4, 0x0, 0x0,
    0x0, 0x0, 0x0, 0x0, 0x0, 0x0, 0x0, 0x0,
    0x18, 0xff, 0xff, 0xff, 0xff, 0xa4, 0x0, 0x0,
    0x0, 0x0, 0x0, 0x0, 0x0, 0x0, 0x0, 0x0,
    0x18, 0xff, 0xff, 0xff, 0xff, 0xa4, 0x0, 0x0,
    0x0, 0x0, 0x0, 0x0, 0x0, 0x0, 0x0, 0x0,
    0x18, 0xff, 0xff, 0xff, 0xff, 0xa4, 0x0, 0x0,
    0x0, 0x0, 0x0, 0x0, 0x0, 0x0, 0x0, 0x0,
    0x18, 0xff, 0xff, 0xff, 0xff, 0xa4, 0x0, 0x0,
    0x0, 0x0, 0x0, 0x0, 0x0, 0x0, 0x0, 0x0,
    0x18, 0xff, 0xff, 0xff, 0xff, 0xff, 0xff, 0xff,
    0xff, 0xff, 0xff, 0xff, 0xff, 0xff, 0x10, 0x0,
    0x18, 0xff, 0xff, 0xff, 0xff, 0xff, 0xff, 0xff,
    0xff, 0xff, 0xff, 0xff, 0xff, 0xff, 0x10, 0x0,
    0x18, 0xff, 0xff, 0xff, 0xff, 0xff, 0xff, 0xff,
    0xff, 0xff, 0xff, 0xff, 0xff, 0xff, 0x10, 0x0,
    0x18, 0xff, 0xff, 0xff, 0xff, 0xff, 0xff, 0xff,
    0xff, 0xff, 0xff, 0xff, 0xff, 0xff, 0x10, 0x0,
    0x18, 0xff, 0xff, 0xff, 0xff, 0xae, 0x1c, 0x1c,
    0x1c, 0x1c, 0x1c, 0x1c, 0x1c, 0x1c, 0x2, 0x0,
    0x18, 0xff, 0xff, 0xff, 0xff, 0xa4, 0x0, 0x0,
    0x0, 0x0, 0x0, 0x0, 0x0, 0x0, 0x0, 0x0,
    0x18, 0xff, 0xff, 0xff, 0xff, 0xa4, 0x0, 0x0,
    0x0, 0x0, 0x0, 0x0, 0x0, 0x0, 0x0, 0x0,
    0x18, 0xff, 0xff, 0xff, 0xff, 0xa4, 0x0, 0x0,
    0x0, 0x0, 0x0, 0x0, 0x0, 0x0, 0x0, 0x0,
    0x18, 0xff, 0xff, 0xff, 0xff, 0xa4, 0x0, 0x0,
    0x0, 0x0, 0x0, 0x0, 0x0, 0x0, 0x0, 0x0,
    0x18, 0xff, 0xff, 0xff, 0xff, 0xa4, 0x0, 0x0,
    0x0, 0x0, 0x0, 0x0, 0x0, 0x0, 0x0, 0x0,
    0x18, 0xff, 0xff, 0xff, 0xff, 0xa4, 0x0, 0x0,
    0x0, 0x0, 0x0, 0x0, 0x0, 0x0, 0x0, 0x0,
    0x18, 0xff, 0xff, 0xff, 0xff, 0xa4, 0x0, 0x0,
    0x0, 0x0, 0x0, 0x0, 0x0, 0x0, 0x0, 0x0,
    0x18, 0xff, 0xff, 0xff, 0xff, 0xa4, 0x0, 0x0,
    0x0, 0x0, 0x0, 0x0, 0x0, 0x0, 0x0, 0x0,
    0x18, 0xff, 0xff, 0xff, 0xff, 0xa4, 0x0, 0x0,
    0x0, 0x0, 0x0, 0x0, 0x0, 0x0, 0x0, 0x0,

    /* U+0047 "G" */
    0x0, 0x0, 0x0, 0x0, 0x0, 0x0, 0x0, 0x18,
    0x71, 0xb6, 0xe3, 0xf9, 0xfa, 0xe7, 0xbb, 0x6e,
    0xf, 0x0, 0x0, 0x0, 0x0, 0x0, 0x0, 0x0,
    0x0, 0xe, 0x92, 0xf8, 0xff, 0xff, 0xff, 0xff,
    0xff, 0xff, 0xff, 0xff, 0xed, 0x65, 0x1, 0x0,
    0x0, 0x0, 0x0, 0x0, 0x2b, 0xdd, 0xff, 0xff,
    0xff, 0xff, 0xff, 0xff, 0xff, 0xff, 0xff, 0xff,
    0xff, 0xff, 0xad, 0x9, 0x0, 0x0, 0x0, 0x2a,
    0xed, 0xff, 0xff, 0xff, 0xff, 0xff, 0xff, 0xff,
    0xff, 0xff, 0xff, 0xff, 0xff, 0xff, 0xf3, 0x27,
    0x0, 0x0, 0xc, 0xdc, 0xff, 0xff, 0xff, 0xff,
    0xff, 0xcb, 0x70, 0x43, 0x38, 0x51, 0x98, 0xf7,
    0xff, 0xfd, 0x4a, 0x0, 0x0, 0x0, 0x8c, 0xff,
    0xff, 0xff, 0xff, 0xfa, 0x64, 0x1, 0x0, 0x0,
    0x0, 0x0, 0x0, 0x23, 0xc8, 0x6e, 0x0, 0x0,
    0x0, 0x16, 0xf8, 0xff, 0xff, 0xff, 0xff, 0x5c,
    0x0, 0x0, 0x0, 0x0, 0x0, 0x0, 0x0, 0x0,
    0x5, 0x0, 0x0, 0x0, 0x0, 0x75, 0xff, 0xff,
    0xff, 0xff, 0xb1, 0x0, 0x0, 0x0, 0x0, 0x0,
    0x0, 0x0, 0x0, 0x0, 0x0, 0x0, 0x0, 0x0,
    0x0, 0xc3, 0xff, 0xff, 0xff, 0xff, 0x3c, 0x0,
    0x0, 0x0, 0x0, 0x0, 0x0, 0x0, 0x0, 0x0,
    0x0, 0x0, 0x0, 0x0, 0x5, 0xf8, 0xff, 0xff,
    0xff, 0xee, 0x2, 0x0, 0x0, 0x0, 0x0, 0x0,
    0x0, 0x0, 0x0, 0x0, 0x0, 0x0, 0x0, 0x0,
    0x23, 0xff, 0xff, 0xff, 0xff, 0xbd, 0x0, 0x0,
    0x0, 0x0, 0x0, 0x0, 0x0, 0x0, 0x0, 0x0,
    0x0, 0x0, 0x0, 0x0, 0x39, 0xff, 0xff, 0xff,
    0xff, 0xa2, 0x0, 0x0, 0x0, 0x0, 0x0, 0xa4,
    0xff, 0xff, 0xff, 0xff, 0xff, 0xff, 0xff, 0xcc,
    0x43, 0xff, 0xff, 0xff, 0xff, 0x9a, 0x0, 0x0,
    0x0, 0x0, 0x0, 0xa4, 0xff, 0xff, 0xff, 0xff,
    0xff, 0xff, 0xff, 0xcc, 0x3d, 0xff, 0xff, 0xff,
    0xff, 0xa4, 0x0, 0x0, 0x0, 0x0, 0x0, 0xa4,
    0xff, 0xff, 0xff, 0xff, 0xff, 0xff, 0xff, 0xcc,
    0x2b, 0xff, 0xff, 0xff, 0xff, 0xc0, 0x0, 0x0,
    0x0, 0x0, 0x0, 0xa4, 0xff, 0xff, 0xff, 0xff,
    0xff, 0xff, 0xff, 0xcc, 0xb, 0xfe, 0xff, 0xff,
    0xff, 0xee, 0x1, 0x0, 0x0, 0x0, 0x0, 0x0,
    0x0, 0x0, 0x0, 0x74, 0xff, 0xff, 0xff, 0xcc,
    0x0, 0xd5, 0xff, 0xff, 0xff, 0xff, 0x3d, 0x0,
    0x0, 0x0, 0x0, 0x0, 0x0, 0x0, 0x0, 0x74,
    0xff, 0xff, 0xff, 0xcc, 0x0, 0x8d, 0xff, 0xff,
    0xff, 0xff, 0xb0, 0x0, 0x0, 0x0, 0x0, 0x0,
    0x0, 0x0, 0x0, 0x74, 0xff, 0xff, 0xff, 0xcc,
    0x0, 0x2c, 0xff, 0xff, 0xff, 0xff, 0xff, 0x5a,
    0x0, 0x0, 0x0, 0x0, 0x0, 0x0, 0x0, 0x74,
    0xff, 0xff, 0xff, 0xcc, 0x0, 0x0, 0xac, 0xff,
    0xff, 0xff, 0xff, 0xfa, 0x6c, 0x2, 0x0, 0x0,
    0x0, 0x0, 0x0, 0x78, 0xff, 0xff, 0xff, 0xcc,
    0x0, 0x0, 0x1e, 0xef, 0xff, 0xff, 0xff, 0xff,
    0xff, 0xd7, 0x80, 0x4f, 0x40, 0x52, 0x92, 0xf6,
    0xff, 0xff, 0xff, 0xcc, 0x0, 0x0, 0x0, 0x46,
    0xfa, 0xff, 0xff, 0xff, 0xff, 0xff, 0xff, 0xff,
    0xff, 0xff, 0xff, 0xff, 0xff, 0xff, 0xff, 0xcc,
    0x0, 0x0, 0x0, 0x0, 0x47, 0xef, 0xff, 0xff,
    0xff, 0xff, 0xff, 0xff, 0xff, 0xff, 0xff, 0xff,
    0xff, 0xff, 0xf5, 0x55, 0x0, 0x0, 0x0, 0x0,
    0x0, 0x1c, 0xa8, 0xfe, 0xff, 0xff, 0xff, 0xff,
    0xff, 0xff, 0xff, 0xff, 0xff, 0xb4, 0x25, 0x0,
    0x0, 0x0, 0x0, 0x0, 0x0, 0x0, 0x0, 0x23,
    0x7b, 0xbd, 0xe6, 0xfc, 0xfc, 0xea, 0xc3, 0x84,
    0x2b, 0x0, 0x0, 0x0,

    /* U+0048 "H" */
    0x18, 0xff, 0xff, 0xff, 0xff, 0xa4, 0x0, 0x0,
    0x0, 0x0, 0x0, 0x0, 0x0, 0x0, 0x64, 0xff,
    0xff, 0xff, 0xff, 0x50, 0x18, 0xff, 0xff, 0xff,
    0xff, 0xa4, 0x0, 0x0, 0x0, 0x0, 0x0, 0x0,
    0x0, 0x0, 0x64, 0xff, 0xff, 0xff, 0xff, 0x50,
    0x18, 0xff, 0xff, 0xff, 0xff, 0xa4, 0x0, 0x0,
    0x0, 0x0, 0x0, 0x0, 0x0, 0x0, 0x64, 0xff,
    0xff, 0xff, 0xff, 0x50, 0x18, 0xff, 0xff, 0xff,
    0xff, 0xa4, 0x0, 0x0, 0x0, 0x0, 0x0, 0x0,
    0x0, 0x0, 0x64, 0xff, 0xff, 0xff, 0xff, 0x50,
    0x18, 0xff, 0xff, 0xff, 0xff, 0xa4, 0x0, 0x0,
    0x0, 0x0, 0x0, 0x0, 0x0, 0x0, 0x64, 0xff,
    0xff, 0xff, 0xff, 0x50, 0x18, 0xff, 0xff, 0xff,
    0xff, 0xa4, 0x0, 0x0, 0x0, 0x0, 0x0, 0x0,
    0x0, 0x0, 0x64, 0xff, 0xff, 0xff, 0xff, 0x50,
    0x18, 0xff, 0xff, 0xff, 0xff, 0xa4, 0x0, 0x0,
    0x0, 0x0, 0x0, 0x0, 0x0, 0x0, 0x64, 0xff,
    0xff, 0xff, 0xff, 0x50, 0x18, 0xff, 0xff, 0xff,
    0xff, 0xa4, 0x0, 0x0, 0x0, 0x0, 0x0, 0x0,
    0x0, 0x0, 0x64, 0xff, 0xff, 0xff, 0xff, 0x50,
    0x18, 0xff, 0xff, 0xff, 0xff, 0xa4, 0x0, 0x0,
    0x0, 0x0, 0x0, 0x0, 0x0, 0x0, 0x64, 0xff,
    0xff, 0xff, 0xff, 0x50, 0x18, 0xff, 0xff, 0xff,
    0xff, 0xa4, 0x0, 0x0, 0x0, 0x0, 0x0, 0x0,
    0x0, 0x0, 0x64, 0xff, 0xff, 0xff, 0xff, 0x50,
    0x18, 0xff, 0xff, 0xff, 0xff, 0xff, 0xff, 0xff,
    0xff, 0xff, 0xff, 0xff, 0xff, 0xff, 0xff, 0xff,
    0xff, 0xff, 0xff, 0x50, 0x18, 0xff, 0xff, 0xff,
    0xff, 0xff, 0xff, 0xff, 0xff, 0xff, 0xff, 0xff,
    0xff, 0xff, 0xff, 0xff, 0xff, 0xff, 0xff, 0x50,
    0x18, 0xff, 0xff, 0xff, 0xff, 0xff, 0xff, 0xff,
    0xff, 0xff, 0xff, 0xff, 0xff, 0xff, 0xff, 0xff,
    0xff, 0xff, 0xff, 0x50, 0x18, 0xff, 0xff, 0xff,
    0xff, 0xff, 0xff, 0xff, 0xff, 0xff, 0xff, 0xff,
    0xff, 0xff, 0xff, 0xff, 0xff, 0xff, 0xff, 0x50,
    0x18, 0xff, 0xff, 0xff, 0xff, 0xba, 0x3c, 0x3c,
    0x3c, 0x3c, 0x3c, 0x3c, 0x3c, 0x3c, 0x89, 0xff,
    0xff, 0xff, 0xff, 0x50, 0x18, 0xff, 0xff, 0xff,
    0xff, 0xa4, 0x0, 0x0, 0x0, 0x0, 0x0, 0x0,
    0x0, 0x0, 0x64, 0xff, 0xff, 0xff, 0xff, 0x50,
    0x18, 0xff, 0xff, 0xff, 0xff, 0xa4, 0x0, 0x0,
    0x0, 0x0, 0x0, 0x0, 0x0, 0x0, 0x64, 0xff,
    0xff, 0xff, 0xff, 0x50, 0x18, 0xff, 0xff, 0xff,
    0xff, 0xa4, 0x0, 0x0, 0x0, 0x0, 0x0, 0x0,
    0x0, 0x0, 0x64, 0xff, 0xff, 0xff, 0xff, 0x50,
    0x18, 0xff, 0xff, 0xff, 0xff, 0xa4, 0x0, 0x0,
    0x0, 0x0, 0x0, 0x0, 0x0, 0x0, 0x64, 0xff,
    0xff, 0xff, 0xff, 0x50, 0x18, 0xff, 0xff, 0xff,
    0xff, 0xa4, 0x0, 0x0, 0x0, 0x0, 0x0, 0x0,
    0x0, 0x0, 0x64, 0xff, 0xff, 0xff, 0xff, 0x50,
    0x18, 0xff, 0xff, 0xff, 0xff, 0xa4, 0x0, 0x0,
    0x0, 0x0, 0x0, 0x0, 0x0, 0x0, 0x64, 0xff,
    0xff, 0xff, 0xff, 0x50, 0x18, 0xff, 0xff, 0xff,
    0xff, 0xa4, 0x0, 0x0, 0x0, 0x0, 0x0, 0x0,
    0x0, 0x0, 0x64, 0xff, 0xff, 0xff, 0xff, 0x50,
    0x18, 0xff, 0xff, 0xff, 0xff, 0xa4, 0x0, 0x0,
    0x0, 0x0, 0x0, 0x0, 0x0, 0x0, 0x64, 0xff,
    0xff, 0xff, 0xff, 0x50, 0x18, 0xff, 0xff, 0xff,
    0xff, 0xa4, 0x0, 0x0, 0x0, 0x0, 0x0, 0x0,
    0x0, 0x0, 0x64, 0xff, 0xff, 0xff, 0xff, 0x50,
    0x18, 0xff, 0xff, 0xff, 0xff, 0xa4, 0x0, 0x0,
    0x0, 0x0, 0x0, 0x0, 0x0, 0x0, 0x64, 0xff,
    0xff, 0xff, 0xff, 0x50,

    /* U+0049 "I" */
    0x18, 0xff, 0xff, 0xff, 0xff, 0xa4, 0x18, 0xff,
    0xff, 0xff, 0xff, 0xa4, 0x18, 0xff, 0xff, 0xff,
    0xff, 0xa4, 0x18, 0xff, 0xff, 0xff, 0xff, 0xa4,
    0x18, 0xff, 0xff, 0xff, 0xff, 0xa4, 0x18, 0xff,
    0xff, 0xff, 0xff, 0xa4, 0x18, 0xff, 0xff, 0xff,
    0xff, 0xa4, 0x18, 0xff, 0xff, 0xff, 0xff, 0xa4,
    0x18, 0xff, 0xff, 0xff, 0xff, 0xa4, 0x18, 0xff,
    0xff, 0xff, 0xff, 0xa4, 0x18, 0xff, 0xff, 0xff,
    0xff, 0xa4, 0x18, 0xff, 0xff, 0xff, 0xff, 0xa4,
    0x18, 0xff, 0xff, 0xff, 0xff, 0xa4, 0x18, 0xff,
    0xff, 0xff, 0xff, 0xa4, 0x18, 0xff, 0xff, 0xff,
    0xff, 0xa4, 0x18, 0xff, 0xff, 0xff, 0xff, 0xa4,
    0x18, 0xff, 0xff, 0xff, 0xff, 0xa4, 0x18, 0xff,
    0xff, 0xff, 0xff, 0xa4, 0x18, 0xff, 0xff, 0xff,
    0xff, 0xa4, 0x18, 0xff, 0xff, 0xff, 0xff, 0xa4,
    0x18, 0xff, 0xff, 0xff, 0xff, 0xa4, 0x18, 0xff,
    0xff, 0xff, 0xff, 0xa4, 0x18, 0xff, 0xff, 0xff,
    0xff, 0xa4, 0x18, 0xff, 0xff, 0xff, 0xff, 0xa4,
    0x18, 0xff, 0xff, 0xff, 0xff, 0xa4,

    /* U+004A "J" */
    0x0, 0x0, 0x0, 0x0, 0x0, 0x0, 0x0, 0x0,
    0x0, 0x0, 0x58, 0xff, 0xff, 0xff, 0xff, 0x64,
    0x0, 0x0, 0x0, 0x0, 0x0, 0x0, 0x0, 0x0,
    0x0, 0x0, 0x58, 0xff, 0xff, 0xff, 0xff, 0x64,
    0x0, 0x0, 0x0, 0x0, 0x0, 0x0, 0x0, 0x0,
    0x0, 0x0, 0x58, 0xff, 0xff, 0xff, 0xff, 0x64,
    0x0, 0x0, 0x0, 0x0, 0x0, 0x0, 0x0, 0x0,
    0x0, 0x0, 0x58, 0xff, 0xff, 0xff, 0xff, 0x64,
    0x0, 0x0, 0x0, 0x0, 0x0, 0x0, 0x0, 0x0,
    0x0, 0x0, 0x58, 0xff, 0xff, 0xff, 0xff, 0x64,
    0x0, 0x0, 0x0, 0x0, 0x0, 0x0, 0x0, 0x0,
    0x0, 0x0, 0x58, 0xff, 0xff, 0xff, 0xff, 0x64,
    0x0, 0x0, 0x0, 0x0, 0x0, 0x0, 0x0, 0x0,
    0x0, 0x0, 0x58, 0xff, 0xff, 0xff, 0xff, 0x64,
    0x0, 0x0, 0x0, 0x0, 0x0, 0x0, 0x0, 0x0,
    0x0, 0x0, 0x58, 0xff, 0xff, 0xff, 0xff, 0x64,
    0x0, 0x0, 0x0, 0x0, 0x0, 0x0, 0x0, 0x0,
    0x0, 0x0, 0x58, 0xff, 0xff, 0xff, 0xff, 0x64,
    0x0, 0x0, 0x0, 0x0, 0x0, 0x0, 0x0, 0x0,
    0x0, 0x0, 0x58, 0xff, 0xff, 0xff, 0xff, 0x64,
    0x0, 0x0, 0x0, 0x0, 0x0, 0x0, 0x0, 0x0,
    0x0, 0x0, 0x58, 0xff, 0xff, 0xff, 0xff, 0x64,
    0x0, 0x0, 0x0, 0x0, 0x0, 0x0, 0x0, 0x0,
    0x0, 0x0, 0x58, 0xff, 0xff, 0xff, 0xff, 0x64,
    0x0, 0x0, 0x0, 0x0, 0x0, 0x0, 0x0, 0x0,
    0x0, 0x0, 0x58, 0xff, 0xff, 0xff, 0xff, 0x64,
    0x0, 0x0, 0x0, 0x0, 0x0, 0x0, 0x0, 0x0,
    0x0, 0x0, 0x58, 0xff, 0xff, 0xff, 0xff, 0x64,
    0x0, 0x0, 0x0, 0x0, 0x0, 0x0, 0x0, 0x0,
    0x0, 0x0, 0x58, 0xff, 0xff, 0xff, 0xff, 0x64,
    0x0, 0x0, 0x0, 0x0, 0x0, 0x0, 0x0, 0x0,
    0x0, 0x0, 0x58, 0xff, 0xff, 0xff, 0xff, 0x64,
    0x0, 0x0, 0x0, 0x0, 0x0, 0x0, 0x0, 0x0,
    0x0, 0x0, 0x5a, 0xff, 0xff, 0xff, 0xff, 0x63,
    0x0, 0x0, 0x0, 0x0, 0x0, 0x0, 0x0, 0x0,
    0x0, 0x0, 0x69, 0xff, 0xff, 0xff, 0xff, 0x5a,
    0x0, 0x0, 0x0, 0x6c, 0x28, 0x0, 0x0, 0x0,
    0x0, 0x0, 0x95, 0xff, 0xff, 0xff, 0xff, 0x3f,
    0x0, 0xc, 0xa7, 0xff, 0xcf, 0x10, 0x0, 0x0,
    0x0, 0x13, 0xeb, 0xff, 0xff, 0xff, 0xfd, 0xe,
    0x15, 0xd6, 0xff, 0xff, 0xff, 0xdf, 0x69, 0x42,
    0x62, 0xd7, 0xff, 0xff, 0xff, 0xff, 0xbe, 0x0,
    0x2, 0xc3, 0xff, 0xff, 0xff, 0xff, 0xff, 0xff,
    0xff, 0xff, 0xff, 0xff, 0xff, 0xff, 0x4f, 0x0,
    0x0, 0x1b, 0xe1, 0xff, 0xff, 0xff, 0xff, 0xff,
    0xff, 0xff, 0xff, 0xff, 0xff, 0xa9, 0x0, 0x0,
    0x0, 0x0, 0x1c, 0xc4, 0xff, 0xff, 0xff, 0xff,
    0xff, 0xff, 0xff, 0xff, 0xa9, 0x8, 0x0, 0x0,
    0x0, 0x0, 0x0, 0x2, 0x52, 0xab, 0xe3, 0xfb,
    0xfc, 0xe4, 0xad, 0x4c, 0x0, 0x0, 0x0, 0x0,

    /* U+004B "K" */
    0x18, 0xff, 0xff, 0xff, 0xff, 0xa4, 0x0, 0x0,
    0x0, 0x0, 0x0, 0x0, 0x4, 0xc5, 0xff, 0xff,
    0xff, 0xff, 0x6e, 0x0, 0x0, 0x18, 0xff, 0xff,
    0xff, 0xff, 0xa4, 0x0, 0x0, 0x0, 0x0, 0x0,
    0x0, 0x80, 0xff, 0xff, 0xff, 0xff, 0xb1, 0x1,
    0x0, 0x0, 0x18, 0xff, 0xff, 0xff, 0xff, 0xa4,
    0x0, 0x0, 0x0, 0x0, 0x0, 0x3c, 0xfd, 0xff,
    0xff, 0xff, 0xe4, 0x13, 0x0, 0x0, 0x0, 0x18,
    0xff, 0xff, 0xff, 0xff, 0xa4, 0x0, 0x0, 0x0,
    0x0, 0x11, 0xe1, 0xff, 0xff, 0xff, 0xfd, 0x3f,
    0x0, 0x0, 0x0, 0x0, 0x18, 0xff, 0xff, 0xff,
    0xff, 0xa4, 0x0, 0x0, 0x0, 0x0, 0xab, 0xff,
    0xff, 0xff, 0xff, 0x7f, 0x0, 0x0, 0x0, 0x0,
    0x0, 0x18, 0xff, 0xff, 0xff, 0xff, 0xa4, 0x0,
    0x0, 0x0, 0x63, 0xff, 0xff, 0xff, 0xff, 0xc0,
    0x3, 0x0, 0x0, 0x0, 0x0, 0x0, 0x18, 0xff,
    0xff, 0xff, 0xff, 0xa4, 0x0, 0x0, 0x26, 0xf5,
    0xff, 0xff, 0xff, 0xed, 0x1c, 0x0, 0x0, 0x0,
    0x0, 0x0, 0x0, 0x18, 0xff, 0xff, 0xff, 0xff,
    0xa4, 0x0, 0x6, 0xce, 0xff, 0xff, 0xff, 0xff,
    0x4d, 0x0, 0x0, 0x0, 0x0, 0x0, 0x0, 0x0,
    0x18, 0xff, 0xff, 0xff, 0xff, 0xa4, 0x0, 0x8d,
    0xff, 0xff, 0xff, 0xff, 0x8f, 0x0, 0x0, 0x0,
    0x0, 0x0, 0x0, 0x0, 0x0, 0x18, 0xff, 0xff,
    0xff, 0xff, 0xa4, 0x46, 0xff, 0xff, 0xff, 0xff,
    0xd1, 0x6, 0x0, 0x0, 0x0, 0x0, 0x0, 0x0,
    0x0, 0x0, 0x18, 0xff, 0xff, 0xff, 0xff, 0xbc,
    0xe8, 0xff, 0xff, 0xff, 0xff, 0xe3, 0xa, 0x0,
    0x0, 0x0, 0x0, 0x0, 0x0, 0x0, 0x0, 0x18,
    0xff, 0xff, 0xff, 0xff, 0xff, 0xff, 0xff, 0xff,
    0xff, 0xff, 0xff, 0x7d, 0x0, 0x0, 0x0, 0x0,
    0x0, 0x0, 0x0, 0x0, 0x18, 0xff, 0xff, 0xff,
    0xff, 0xff, 0xff, 0xff, 0xff, 0xff, 0xff, 0xff,
    0xf4, 0x19, 0x0, 0x0, 0x0, 0x0, 0x0, 0x0,
    0x0, 0x18, 0xff, 0xff, 0xff, 0xff, 0xff, 0xff,
    0xff, 0xf7, 0xff, 0xff, 0xff, 0xff, 0x9e, 0x0,
    0x0, 0x0, 0x0, 0x0, 0x0, 0x0, 0x18, 0xff,
    0xff, 0xff, 0xff, 0xff, 0xff, 0xfc, 0x3d, 0xd6,
    0xff, 0xff, 0xff, 0xfd, 0x30, 0x0, 0x0, 0x0,
    0x0, 0x0, 0x0, 0x18, 0xff, 0xff, 0xff, 0xff,
    0xff, 0xff, 0x77, 0x0, 0x4d, 0xff, 0xff, 0xff,
    0xff, 0xbd, 0x0, 0x0, 0x0, 0x0, 0x0, 0x0,
    0x18, 0xff, 0xff, 0xff, 0xff, 0xff, 0xba, 0x2,
    0x0, 0x0, 0xc1, 0xff, 0xff, 0xff, 0xff, 0x4d,
    0x0, 0x0, 0x0, 0x0, 0x0, 0x18, 0xff, 0xff,
    0xff, 0xff, 0xe8, 0x17, 0x0, 0x0, 0x0, 0x37,
    0xff, 0xff, 0xff, 0xff, 0xd9, 0x5, 0x0, 0x0,
    0x0, 0x0, 0x18, 0xff, 0xff, 0xff, 0xff, 0xa4,
    0x0, 0x0, 0x0, 0x0, 0x0, 0xaa, 0xff, 0xff,
    0xff, 0xff, 0x6d, 0x0, 0x0, 0x0, 0x0, 0x18,
    0xff, 0xff, 0xff, 0xff, 0xa4, 0x0, 0x0, 0x0,
    0x0, 0x0, 0x24, 0xfa, 0xff, 0xff, 0xff, 0xed,
    0x10, 0x0, 0x0, 0x0, 0x18, 0xff, 0xff, 0xff,
    0xff, 0xa4, 0x0, 0x0, 0x0, 0x0, 0x0, 0x0,
    0x92, 0xff, 0xff, 0xff, 0xff, 0x8c, 0x0, 0x0,
    0x0, 0x18, 0xff, 0xff, 0xff, 0xff, 0xa4, 0x0,
    0x0, 0x0, 0x0, 0x0, 0x0, 0x14, 0xf1, 0xff,
    0xff, 0xff, 0xfa, 0x24, 0x0, 0x0, 0x18, 0xff,
    0xff, 0xff, 0xff, 0xa4, 0x0, 0x0, 0x0, 0x0,
    0x0, 0x0, 0x0, 0x7a, 0xff, 0xff, 0xff, 0xff,
    0xad, 0x0, 0x0, 0x18, 0xff, 0xff, 0xff, 0xff,
    0xa4, 0x0, 0x0, 0x0, 0x0, 0x0, 0x0, 0x0,
    0xa, 0xe4, 0xff, 0xff, 0xff, 0xff, 0x3d, 0x0,
    0x18, 0xff, 0xff, 0xff, 0xff, 0xa4, 0x0, 0x0,
    0x0, 0x0, 0x0, 0x0, 0x0, 0x0, 0x62, 0xff,
    0xff, 0xff, 0xff, 0xcb, 0x1,

    /* U+004C "L" */
    0x18, 0xff, 0xff, 0xff, 0xff, 0xa4, 0x0, 0x0,
    0x0, 0x0, 0x0, 0x0, 0x0, 0x0, 0x0, 0x0,
    0x18, 0xff, 0xff, 0xff, 0xff, 0xa4, 0x0, 0x0,
    0x0, 0x0, 0x0, 0x0, 0x0, 0x0, 0x0, 0x0,
    0x18, 0xff, 0xff, 0xff, 0xff, 0xa4, 0x0, 0x0,
    0x0, 0x0, 0x0, 0x0, 0x0, 0x0, 0x0, 0x0,
    0x18, 0xff, 0xff, 0xff, 0xff, 0xa4, 0x0, 0x0,
    0x0, 0x0, 0x0, 0x0, 0x0, 0x0, 0x0, 0x0,
    0x18, 0xff, 0xff, 0xff, 0xff, 0xa4, 0x0, 0x0,
    0x0, 0x0, 0x0, 0x0, 0x0, 0x0, 0x0, 0x0,
    0x18, 0xff, 0xff, 0xff, 0xff, 0xa4, 0x0, 0x0,
    0x0, 0x0, 0x0, 0x0, 0x0, 0x0, 0x0, 0x0,
    0x18, 0xff, 0xff, 0xff, 0xff, 0xa4, 0x0, 0x0,
    0x0, 0x0, 0x0, 0x0, 0x0, 0x0, 0x0, 0x0,
    0x18, 0xff, 0xff, 0xff, 0xff, 0xa4, 0x0, 0x0,
    0x0, 0x0, 0x0, 0x0, 0x0, 0x0, 0x0, 0x0,
    0x18, 0xff, 0xff, 0xff, 0xff, 0xa4, 0x0, 0x0,
    0x0, 0x0, 0x0, 0x0, 0x0, 0x0, 0x0, 0x0,
    0x18, 0xff, 0xff, 0xff, 0xff, 0xa4, 0x0, 0x0,
    0x0, 0x0, 0x0, 0x0, 0x0, 0x0, 0x0, 0x0,
    0x18, 0xff, 0xff, 0xff, 0xff, 0xa4, 0x0, 0x0,
    0x0, 0x0, 0x0, 0x0, 0x0, 0x0, 0x0, 0x0,
    0x18, 0xff, 0xff, 0xff, 0xff, 0xa4, 0x0, 0x0,
    0x0, 0x0, 0x0, 0x0, 0x0, 0x0, 0x0, 0x0,
    0x18, 0xff, 0xff, 0xff, 0xff, 0xa4, 0x0, 0x0,
    0x0, 0x0, 0x0, 0x0, 0x0, 0x0, 0x0, 0x0,
    0x18, 0xff, 0xff, 0xff, 0xff, 0xa4, 0x0, 0x0,
    0x0, 0x0, 0x0, 0x0, 0x0, 0x0, 0x0, 0x0,
    0x18, 0xff, 0xff, 0xff, 0xff, 0xa4, 0x0, 0x0,
    0x0, 0x0, 0x0, 0x0, 0x0, 0x0, 0x0, 0x0,
    0x18, 0xff, 0xff, 0xff, 0xff, 0xa4, 0x0, 0x0,
    0x0, 0x0, 0x0, 0x0, 0x0, 0x0, 0x0, 0x0,
    0x18, 0xff, 0xff, 0xff, 0xff, 0xa4, 0x0, 0x0,
    0x0, 0x0, 0x0, 0x0, 0x0, 0x0, 0x0, 0x0,
    0x18, 0xff, 0xff, 0xff, 0xff, 0xa4, 0x0, 0x0,
    0x0, 0x0, 0x0, 0x0, 0x0, 0x0, 0x0, 0x0,
    0x18, 0xff, 0xff, 0xff, 0xff, 0xa4, 0x0, 0x0,
    0x0, 0x0, 0x0, 0x0, 0x0, 0x0, 0x0, 0x0,
    0x18, 0xff, 0xff, 0xff, 0xff, 0xa4, 0x0, 0x0,
    0x0, 0x0, 0x0, 0x0, 0x0, 0x0, 0x0, 0x0,
    0x18, 0xff, 0xff, 0xff, 0xff, 0xae, 0x1c, 0x1c,
    0x1c, 0x1c, 0x1c, 0x1c, 0x1c, 0x1c, 0x1c, 0x8,
    0x18, 0xff, 0xff, 0xff, 0xff, 0xff, 0xff, 0xff,
    0xff, 0xff, 0xff, 0xff, 0xff, 0xff, 0xff, 0x48,
    0x18, 0xff, 0xff, 0xff, 0xff, 0xff, 0xff, 0xff,
    0xff, 0xff, 0xff, 0xff, 0xff, 0xff, 0xff, 0x48,
    0x18, 0xff, 0xff, 0xff, 0xff, 0xff, 0xff, 0xff,
    0xff, 0xff, 0xff, 0xff, 0xff, 0xff, 0xff, 0x48,
    0x18, 0xff, 0xff, 0xff, 0xff, 0xff, 0xff, 0xff,
    0xff, 0xff, 0xff, 0xff, 0xff, 0xff, 0xff, 0x48,

    /* U+004D "M" */
    0x18, 0xff, 0xff, 0xff, 0xff, 0xff, 0x54, 0x0,
    0x0, 0x0, 0x0, 0x0, 0x0, 0x0, 0x0, 0x0,
    0xb, 0xf5, 0xff, 0xff, 0xff, 0xff, 0x6c, 0x18,
    0xff, 0xff, 0xff, 0xff, 0xff, 0xac, 0x0, 0x0,
    0x0, 0x0, 0x0, 0x0, 0x0, 0x0, 0x0, 0x56,
    0xff, 0xff, 0xff, 0xff, 0xff, 0x6c, 0x18, 0xff,
    0xff, 0xff, 0xff, 0xff, 0xf7, 0xd, 0x0, 0x0,
    0x0, 0x0, 0x0, 0x0, 0x0, 0x0, 0xac, 0xff,
    0xff, 0xff, 0xff, 0xff, 0x6c, 0x18, 0xff, 0xff,
    0xff, 0xff, 0xff, 0xff, 0x5b, 0x0, 0x0, 0x0,
    0x0, 0x0, 0x0, 0x0, 0xc, 0xf7, 0xff, 0xff,
    0xff, 0xff, 0xff, 0x6c, 0x18, 0xff, 0xff, 0xff,
    0xff, 0xff, 0xff, 0xb3, 0x0, 0x0, 0x0, 0x0,
    0x0, 0x0, 0x0, 0x59, 0xff, 0xff, 0xff, 0xff,
    0xff, 0xff, 0x6c, 0x18, 0xff, 0xff, 0xff, 0xff,
    0xff, 0xff, 0xfa, 0x12, 0x0, 0x0, 0x0, 0x0,
    0x0, 0x0, 0xaf, 0xff, 0xff, 0xff, 0xff, 0xff,
    0xff, 0x6c, 0x18, 0xff, 0xff, 0xff, 0xe2, 0xff,
    0xff, 0xff, 0x63, 0x0, 0x0, 0x0, 0x0, 0x0,
    0xe, 0xf8, 0xff, 0xff, 0xe0, 0xff, 0xff, 0xff,
    0x6c, 0x18, 0xff, 0xff, 0xff, 0xb3, 0xee, 0xff,
    0xff, 0xbb, 0x0, 0x0, 0x0, 0x0, 0x0, 0x5c,
    0xff, 0xff, 0xff, 0x9f, 0xff, 0xff, 0xff, 0x6c,
    0x18, 0xff, 0xff, 0xff, 0xc5, 0xa2, 0xff, 0xff,
    0xfc, 0x16, 0x0, 0x0, 0x0, 0x0, 0xb3, 0xff,
    0xff, 0xde, 0x87, 0xff, 0xff, 0xff, 0x6c, 0x18,
    0xff, 0xff, 0xff, 0xdb, 0x4e, 0xff, 0xff, 0xff,
    0x6a, 0x0, 0x0, 0x0, 0x11, 0xf9, 0xff, 0xff,
    0x8a, 0x9d, 0xff, 0xff, 0xff, 0x6c, 0x18, 0xff,
    0xff, 0xff, 0xf0, 0x9, 0xf4, 0xff, 0xff, 0xc2,
    0x0, 0x0, 0x0, 0x60, 0xff, 0xff, 0xff, 0x35,
    0xb3, 0xff, 0xff, 0xff, 0x6c, 0x18, 0xff, 0xff,
    0xff, 0xff, 0x6, 0xaa, 0xff, 0xff, 0xfe, 0x1b,
    0x0, 0x0, 0xb6, 0xff, 0xff, 0xdf, 0x1, 0xc8,
    0xff, 0xff, 0xff, 0x6c, 0x18, 0xff, 0xff, 0xff,
    0xff, 0x16, 0x56, 0xff, 0xff, 0xff, 0x70, 0x0,
    0xb, 0xf9, 0xff, 0xff, 0x8a, 0x0, 0xd8, 0xff,
    0xff, 0xff, 0x6c, 0x18, 0xff, 0xff, 0xff, 0xff,
    0x25, 0x9, 0xf3, 0xff, 0xff, 0xc1, 0x0, 0x4f,
    0xff, 0xff, 0xff, 0x30, 0x0, 0xe3, 0xff, 0xff,
    0xff, 0x6c, 0x18, 0xff, 0xff, 0xff, 0xff, 0x2b,
    0x0, 0xa2, 0xff, 0xff, 0xfc, 0x10, 0x9a, 0xff,
    0xff, 0xd7, 0x0, 0x0, 0xe8, 0xff, 0xff, 0xff,
    0x6c, 0x18, 0xff, 0xff, 0xff, 0xff, 0x2c, 0x0,
    0x49, 0xff, 0xff, 0xff, 0x57, 0xe6, 0xff, 0xff,
    0x7e, 0x0, 0x0, 0xe8, 0xff, 0xff, 0xff, 0x6c,
    0x18, 0xff, 0xff, 0xff, 0xff, 0x2c, 0x0, 0x4,
    0xea, 0xff, 0xff, 0xd8, 0xff, 0xff, 0xff, 0x25,
    0x0, 0x0, 0xe8, 0xff, 0xff, 0xff, 0x6c, 0x18,
    0xff, 0xff, 0xff, 0xff, 0x2c, 0x0, 0x0, 0x96,
    0xff, 0xff, 0xff, 0xff, 0xff, 0xcb, 0x0, 0x0,
    0x0, 0xe8, 0xff, 0xff, 0xff, 0x6c, 0x18, 0xff,
    0xff, 0xff, 0xff, 0x2c, 0x0, 0x0, 0x3c, 0xff,
    0xff, 0xff, 0xff, 0xff, 0x72, 0x0, 0x0, 0x0,
    0xe8, 0xff, 0xff, 0xff, 0x6c, 0x18, 0xff, 0xff,
    0xff, 0xff, 0x2c, 0x0, 0x0, 0x1, 0xe1, 0xff,
    0xff, 0xff, 0xfe, 0x1a, 0x0, 0x0, 0x0, 0xe8,
    0xff, 0xff, 0xff, 0x6c, 0x18, 0xff, 0xff, 0xff,
    0xff, 0x2c, 0x0, 0x0, 0x0, 0x89, 0xff, 0xff,
    0xff, 0xbf, 0x0, 0x0, 0x0, 0x0, 0xe8, 0xff,
    0xff, 0xff, 0x6c, 0x18, 0xff, 0xff, 0xff, 0xff,
    0x2c, 0x0, 0x0, 0x0, 0x2e, 0xff, 0xff, 0xff,
    0x66, 0x0, 0x0, 0x0, 0x0, 0xe8, 0xff, 0xff,
    0xff, 0x6c, 0x18, 0xff, 0xff, 0xff, 0xff, 0x2c,
    0x0, 0x0, 0x0, 0x0, 0xa6, 0xbc, 0xbc, 0x13,
    0x0, 0x0, 0x0, 0x0, 0xe8, 0xff, 0xff, 0xff,
    0x6c, 0x18, 0xff, 0xff, 0xff, 0xff, 0x2c, 0x0,
    0x0, 0x0, 0x0, 0x0, 0x0, 0x0, 0x0, 0x0,
    0x0, 0x0, 0x0, 0xe8, 0xff, 0xff, 0xff, 0x6c,
    0x18, 0xff, 0xff, 0xff, 0xff, 0x2c, 0x0, 0x0,
    0x0, 0x0, 0x0, 0x0, 0x0, 0x0, 0x0, 0x0,
    0x0, 0x0, 0xe8, 0xff, 0xff, 0xff, 0x6c,

    /* U+004E "N" */
    0x18, 0xff, 0xff, 0xff, 0xff, 0xf0, 0x12, 0x0,
    0x0, 0x0, 0x0, 0x0, 0x0, 0x0, 0x74, 0xff,
    0xff, 0xff, 0xff, 0x8, 0x18, 0xff, 0xff, 0xff,
    0xff, 0xff, 0x86, 0x0, 0x0, 0x0, 0x0, 0x0,
    0x0, 0x0, 0x74, 0xff, 0xff, 0xff, 0xff, 0x8,
    0x18, 0xff, 0xff, 0xff, 0xff, 0xff, 0xf4, 0x16,
    0x0, 0x0, 0x0, 0x0, 0x0, 0x0, 0x74, 0xff,
    0xff, 0xff, 0xff, 0x8, 0x18, 0xff, 0xff, 0xff,
    0xff, 0xff, 0xff, 0x8f, 0x0, 0x0, 0x0, 0x0,
    0x0, 0x0, 0x74, 0xff, 0xff, 0xff, 0xff, 0x8,
    0x18, 0xff, 0xff, 0xff, 0xff, 0xff, 0xff, 0xf7,
    0x1b, 0x0, 0x0, 0x0, 0x0, 0x0, 0x74, 0xff,
    0xff, 0xff, 0xff, 0x8, 0x18, 0xff, 0xff, 0xff,
    0xff, 0xff, 0xff, 0xff, 0x97, 0x0, 0x0, 0x0,
    0x0, 0x0, 0x74, 0xff, 0xff, 0xff, 0xff, 0x8,
    0x18, 0xff, 0xff, 0xff, 0xe3, 0xe8, 0xff, 0xff,
    0xfa, 0x21, 0x0, 0x0, 0x0, 0x0, 0x74, 0xff,
    0xff, 0xff, 0xff, 0x8, 0x18, 0xff, 0xff, 0xff,
    0xea, 0x7c, 0xff, 0xff, 0xff, 0x9f, 0x0, 0x0,
    0x0, 0x0, 0x74, 0xff, 0xff, 0xff, 0xff, 0x8,
    0x18, 0xff, 0xff, 0xff, 0xfd, 0x16, 0xf6, 0xff,
    0xff, 0xfc, 0x27, 0x0, 0x0, 0x0, 0x74, 0xff,
    0xff, 0xff, 0xff, 0x8, 0x18, 0xff, 0xff, 0xff,
    0xff, 0x18, 0x96, 0xff, 0xff, 0xff, 0xa7, 0x0,
    0x0, 0x0, 0x74, 0xff, 0xff, 0xff, 0xff, 0x8,
    0x18, 0xff, 0xff, 0xff, 0xff, 0x30, 0x25, 0xfe,
    0xff, 0xff, 0xfe, 0x2d, 0x0, 0x0, 0x71, 0xff,
    0xff, 0xff, 0xff, 0x8, 0x18, 0xff, 0xff, 0xff,
    0xff, 0x44, 0x0, 0xaf, 0xff, 0xff, 0xff, 0xb0,
    0x0, 0x0, 0x6a, 0xff, 0xff, 0xff, 0xff, 0x8,
    0x18, 0xff, 0xff, 0xff, 0xff, 0x57, 0x0, 0x31,
    0xff, 0xff, 0xff, 0xff, 0x36, 0x0, 0x60, 0xff,
    0xff, 0xff, 0xff, 0x8, 0x18, 0xff, 0xff, 0xff,
    0xff, 0x62, 0x0, 0x0, 0xae, 0xff, 0xff, 0xff,
    0xb4, 0x0, 0x4e, 0xff, 0xff, 0xff, 0xff, 0x8,
    0x18, 0xff, 0xff, 0xff, 0xff, 0x69, 0x0, 0x0,
    0x2d, 0xfe, 0xff, 0xff, 0xff, 0x29, 0x39, 0xff,
    0xff, 0xff, 0xff, 0x8, 0x18, 0xff, 0xff, 0xff,
    0xff, 0x6c, 0x0, 0x0, 0x0, 0xa8, 0xff, 0xff,
    0xff, 0x9a, 0x22, 0xff, 0xff, 0xff, 0xff, 0x8,
    0x18, 0xff, 0xff, 0xff, 0xff, 0x6c, 0x0, 0x0,
    0x0, 0x28, 0xfd, 0xff, 0xff, 0xf7, 0x1e, 0xff,
    0xff, 0xff, 0xff, 0x8, 0x18, 0xff, 0xff, 0xff,
    0xff, 0x6c, 0x0, 0x0, 0x0, 0x0, 0xa4, 0xff,
    0xff, 0xff, 0x7e, 0xf0, 0xff, 0xff, 0xff, 0x8,
    0x18, 0xff, 0xff, 0xff, 0xff, 0x6c, 0x0, 0x0,
    0x0, 0x0, 0x24, 0xfc, 0xff, 0xff, 0xe9, 0xe4,
    0xff, 0xff, 0xff, 0x8, 0x18, 0xff, 0xff, 0xff,
    0xff, 0x6c, 0x0, 0x0, 0x0, 0x0, 0x0, 0x9e,
    0xff, 0xff, 0xff, 0xff, 0xff, 0xff, 0xff, 0x8,
    0x18, 0xff, 0xff, 0xff, 0xff, 0x6c, 0x0, 0x0,
    0x0, 0x0, 0x0, 0x21, 0xfb, 0xff, 0xff, 0xff,
    0xff, 0xff, 0xff, 0x8, 0x18, 0xff, 0xff, 0xff,
    0xff, 0x6c, 0x0, 0x0, 0x0, 0x0, 0x0, 0x0,
    0x99, 0xff, 0xff, 0xff, 0xff, 0xff, 0xff, 0x8,
    0x18, 0xff, 0xff, 0xff, 0xff, 0x6c, 0x0, 0x0,
    0x0, 0x0, 0x0, 0x0, 0x1e, 0xf9, 0xff, 0xff,
    0xff, 0xff, 0xff, 0x8, 0x18, 0xff, 0xff, 0xff,
    0xff, 0x6c, 0x0, 0x0, 0x0, 0x0, 0x0, 0x0,
    0x0, 0x94, 0xff, 0xff, 0xff, 0xff, 0xff, 0x8,
    0x18, 0xff, 0xff, 0xff, 0xff, 0x6c, 0x0, 0x0,
    0x0, 0x0, 0x0, 0x0, 0x0, 0x19, 0xf7, 0xff,
    0xff, 0xff, 0xff, 0x8,

    /* U+004F "O" */
    0x0, 0x0, 0x0, 0x0, 0x0, 0x0, 0x6, 0x58,
    0xa7, 0xdc, 0xf8, 0xfe, 0xf0, 0xcc, 0x90, 0x34,
    0x0, 0x0, 0x0, 0x0, 0x0, 0x0, 0x0, 0x0,
    0x0, 0x0, 0x0, 0x52, 0xe2, 0xff, 0xff, 0xff,
    0xff, 0xff, 0xff, 0xff, 0xff, 0xff, 0xb7, 0x20,
    0x0, 0x0, 0x0, 0x0, 0x0, 0x0, 0x0, 0x1,
    0x8c, 0xff, 0xff, 0xff, 0xff, 0xff, 0xff, 0xff,
    0xff, 0xff, 0xff, 0xff, 0xff, 0xee, 0x3d, 0x0,
    0x0, 0x0, 0x0, 0x0, 0x0, 0x81, 0xff, 0xff,
    0xff, 0xff, 0xff, 0xff, 0xff, 0xff, 0xff, 0xff,
    0xff, 0xff, 0xff, 0xff, 0xf3, 0x2e, 0x0, 0x0,
    0x0, 0x0, 0x40, 0xfe, 0xff, 0xff, 0xff, 0xff,
    0xf0, 0x89, 0x47, 0x39, 0x59, 0xb0, 0xff, 0xff,
    0xff, 0xff, 0xff, 0xd7, 0x7, 0x0, 0x0, 0x1,
    0xcf, 0xff, 0xff, 0xff, 0xff, 0xd3, 0x1c, 0x0,
    0x0, 0x0, 0x0, 0x0, 0x51, 0xf9, 0xff, 0xff,
    0xff, 0xff, 0x71, 0x0, 0x0, 0x43, 0xff, 0xff,
    0xff, 0xff, 0xf3, 0x1f, 0x0, 0x0, 0x0, 0x0,
    0x0, 0x0, 0x0, 0x6b, 0xff, 0xff, 0xff, 0xff,
    0xe4, 0x3, 0x0, 0x9d, 0xff, 0xff, 0xff, 0xff,
    0x82, 0x0, 0x0, 0x0, 0x0, 0x0, 0x0, 0x0,
    0x0, 0x2, 0xd9, 0xff, 0xff, 0xff, 0xff, 0x40,
    0x0, 0xdf, 0xff, 0xff, 0xff, 0xff, 0x1f, 0x0,
    0x0, 0x0, 0x0, 0x0, 0x0, 0x0, 0x0, 0x0,
    0x77, 0xff, 0xff, 0xff, 0xff, 0x83, 0xe, 0xff,
    0xff, 0xff, 0xff, 0xdf, 0x0, 0x0, 0x0, 0x0,
    0x0, 0x0, 0x0, 0x0, 0x0, 0x0, 0x34, 0xff,
    0xff, 0xff, 0xff, 0xb2, 0x2d, 0xff, 0xff, 0xff,
    0xff, 0xb5, 0x0, 0x0, 0x0, 0x0, 0x0, 0x0,
    0x0, 0x0, 0x0, 0x0, 0xb, 0xff, 0xff, 0xff,
    0xff, 0xd1, 0x3d, 0xff, 0xff, 0xff, 0xff, 0xa0,
    0x0, 0x0, 0x0, 0x0, 0x0, 0x0, 0x0, 0x0,
    0x0, 0x0, 0x0, 0xf4, 0xff, 0xff, 0xff, 0xe1,
    0x43, 0xff, 0xff, 0xff, 0xff, 0x9b, 0x0, 0x0,
    0x0, 0x0, 0x0, 0x0, 0x0, 0x0, 0x0, 0x0,
    0x0, 0xef, 0xff, 0xff, 0xff, 0xe7, 0x3a, 0xff,
    0xff, 0xff, 0xff, 0xa4, 0x0, 0x0, 0x0, 0x0,
    0x0, 0x0, 0x0, 0x0, 0x0, 0x0, 0x0, 0xf8,
    0xff, 0xff, 0xff, 0xde, 0x27, 0xff, 0xff, 0xff,
    0xff, 0xbd, 0x0, 0x0, 0x0, 0x0, 0x0, 0x0,
    0x0, 0x0, 0x0, 0x0, 0x12, 0xff, 0xff, 0xff,
    0xff, 0xcb, 0x8, 0xfd, 0xff, 0xff, 0xff, 0xea,
    0x0, 0x0, 0x0, 0x0, 0x0, 0x0, 0x0, 0x0,
    0x0, 0x0, 0x40, 0xff, 0xff, 0xff, 0xff, 0xa9,
    0x0, 0xd2, 0xff, 0xff, 0xff, 0xff, 0x31, 0x0,
    0x0, 0x0, 0x0, 0x0, 0x0, 0x0, 0x0, 0x0,
    0x87, 0xff, 0xff, 0xff, 0xff, 0x76, 0x0, 0x8c,
    0xff, 0xff, 0xff, 0xff, 0x97, 0x0, 0x0, 0x0,
    0x0, 0x0, 0x0, 0x0, 0x0, 0x9, 0xe8, 0xff,
    0xff, 0xff, 0xff, 0x30, 0x0, 0x31, 0xff, 0xff,
    0xff, 0xff, 0xfb, 0x2f, 0x0, 0x0, 0x0, 0x0,
    0x0, 0x0, 0x0, 0x84, 0xff, 0xff, 0xff, 0xff,
    0xd4, 0x0, 0x0, 0x0, 0xbc, 0xff, 0xff, 0xff,
    0xff, 0xe2, 0x28, 0x0, 0x0, 0x0, 0x0, 0x0,
    0x68, 0xfe, 0xff, 0xff, 0xff, 0xff, 0x5f, 0x0,
    0x0, 0x0, 0x2e, 0xfa, 0xff, 0xff, 0xff, 0xff,
    0xf6, 0x92, 0x4e, 0x3f, 0x60, 0xbb, 0xff, 0xff,
    0xff, 0xff, 0xff, 0xc9, 0x2, 0x0, 0x0, 0x0,
    0x0, 0x6d, 0xff, 0xff, 0xff, 0xff, 0xff, 0xff,
    0xff, 0xff, 0xff, 0xff, 0xff, 0xff, 0xff, 0xff,
    0xed, 0x24, 0x0, 0x0, 0x0, 0x0, 0x0, 0x0,
    0x79, 0xff, 0xff, 0xff, 0xff, 0xff, 0xff, 0xff,
    0xff, 0xff, 0xff, 0xff, 0xff, 0xe9, 0x33, 0x0,
    0x0, 0x0, 0x0, 0x0, 0x0, 0x0, 0x0, 0x46,
    0xdb, 0xff, 0xff, 0xff, 0xff, 0xff, 0xff, 0xff,
    0xff, 0xff, 0xb0, 0x1b, 0x0, 0x0, 0x0, 0x0,
    0x0, 0x0, 0x0, 0x0, 0x0, 0x0, 0x4, 0x54,
    0xa6, 0xdb, 0xf8, 0xfe, 0xf0, 0xcc, 0x8d, 0x31,
    0x0, 0x0, 0x0, 0x0, 0x0, 0x0,

    /* U+0050 "P" */
    0x18, 0xff, 0xff, 0xff, 0xff, 0xff, 0xff, 0xff,
    0xff, 0xf8, 0xe4, 0xc1, 0x88, 0x37, 0x0, 0x0,
    0x0, 0x0, 0x18, 0xff, 0xff, 0xff, 0xff, 0xff,
    0xff, 0xff, 0xff, 0xff, 0xff, 0xff, 0xff, 0xff,
    0xc3, 0x29, 0x0, 0x0, 0x18, 0xff, 0xff, 0xff,
    0xff, 0xff, 0xff, 0xff, 0xff, 0xff, 0xff, 0xff,
    0xff, 0xff, 0xff, 0xf0, 0x35, 0x0, 0x18, 0xff,
    0xff, 0xff, 0xff, 0xf7, 0xe8, 0xe8, 0xe9, 0xf8,
    0xff, 0xff, 0xff, 0xff, 0xff, 0xff, 0xe4, 0xc,
    0x18, 0xff, 0xff, 0xff, 0xff, 0xa4, 0x0, 0x0,
    0x0, 0x1, 0x21, 0x7a, 0xf4, 0xff, 0xff, 0xff,
    0xff, 0x6e, 0x18, 0xff, 0xff, 0xff, 0xff, 0xa4,
    0x0, 0x0, 0x0, 0x0, 0x0, 0x0, 0x43, 0xff,
    0xff, 0xff, 0xff, 0xbb, 0x18, 0xff, 0xff, 0xff,
    0xff, 0xa4, 0x0, 0x0, 0x0, 0x0, 0x0, 0x0,
    0x0, 0xd4, 0xff, 0xff, 0xff, 0xe5, 0x18, 0xff,
    0xff, 0xff, 0xff, 0xa4, 0x0, 0x0, 0x0, 0x0,
    0x0, 0x0, 0x0, 0xb0, 0xff, 0xff, 0xff, 0xf6,
    0x18, 0xff, 0xff, 0xff, 0xff, 0xa4, 0x0, 0x0,
    0x0, 0x0, 0x0, 0x0, 0x0, 0xb8, 0xff, 0xff,
    0xff, 0xf1, 0x18, 0xff, 0xff, 0xff, 0xff, 0xa4,
    0x0, 0x0, 0x0, 0x0, 0x0, 0x0, 0x3, 0xe9,
    0xff, 0xff, 0xff, 0xd5, 0x18, 0xff, 0xff, 0xff,
    0xff, 0xa4, 0x0, 0x0, 0x0, 0x0, 0x0, 0x0,
    0x6b, 0xff, 0xff, 0xff, 0xff, 0x9d, 0x18, 0xff,
    0xff, 0xff, 0xff, 0xa4, 0x0, 0x0, 0x0, 0x0,
    0x20, 0x89, 0xfd, 0xff, 0xff, 0xff, 0xff, 0x3e,
    0x18, 0xff, 0xff, 0xff, 0xff, 0xf5, 0xe0, 0xe0,
    0xe1, 0xef, 0xff, 0xff, 0xff, 0xff, 0xff, 0xff,
    0xab, 0x0, 0x18, 0xff, 0xff, 0xff, 0xff, 0xff,
    0xff, 0xff, 0xff, 0xff, 0xff, 0xff, 0xff, 0xff,
    0xff, 0xc8, 0xd, 0x0, 0x18, 0xff, 0xff, 0xff,
    0xff, 0xff, 0xff, 0xff, 0xff, 0xff, 0xff, 0xff,
    0xff, 0xfa, 0x90, 0xa, 0x0, 0x0, 0x18, 0xff,
    0xff, 0xff, 0xff, 0xff, 0xff, 0xff, 0xff, 0xf8,
    0xe3, 0xb9, 0x76, 0x1d, 0x0, 0x0, 0x0, 0x0,
    0x18, 0xff, 0xff, 0xff, 0xff, 0xa4, 0x0, 0x0,
    0x0, 0x0, 0x0, 0x0, 0x0, 0x0, 0x0, 0x0,
    0x0, 0x0, 0x18, 0xff, 0xff, 0xff, 0xff, 0xa4,
    0x0, 0x0, 0x0, 0x0, 0x0, 0x0, 0x0, 0x0,
    0x0, 0x0, 0x0, 0x0, 0x18, 0xff, 0xff, 0xff,
    0xff, 0xa4, 0x0, 0x0, 0x0, 0x0, 0x0, 0x0,
    0x0, 0x0, 0x0, 0x0, 0x0, 0x0, 0x18, 0xff,
    0xff, 0xff, 0xff, 0xa4, 0x0, 0x0, 0x0, 0x0,
    0x0, 0x0, 0x0, 0x0, 0x0, 0x0, 0x0, 0x0,
    0x18, 0xff, 0xff, 0xff, 0xff, 0xa4, 0x0, 0x0,
    0x0, 0x0, 0x0, 0x0, 0x0, 0x0, 0x0, 0x0,
    0x0, 0x0, 0x18, 0xff, 0xff, 0xff, 0xff, 0xa4,
    0x0, 0x0, 0x0, 0x0, 0x0, 0x0, 0x0, 0x0,
    0x0, 0x0, 0x0, 0x0, 0x18, 0xff, 0xff, 0xff,
    0xff, 0xa4, 0x0, 0x0, 0x0, 0x0, 0x0, 0x0,
    0x0, 0x0, 0x0, 0x0, 0x0, 0x0, 0x18, 0xff,
    0xff, 0xff, 0xff, 0xa4, 0x0, 0x0, 0x0, 0x0,
    0x0, 0x0, 0x0, 0x0, 0x0, 0x0, 0x0, 0x0,
    0x18, 0xff, 0xff, 0xff, 0xff, 0xa4, 0x0, 0x0,
    0x0, 0x0, 0x0, 0x0, 0x0, 0x0, 0x0, 0x0,
    0x0, 0x0,

    /* U+0051 "Q" */
    0x0, 0x0, 0x0, 0x0, 0x0, 0x0, 0x6, 0x58,
    0xa7, 0xdc, 0xf8, 0xfe, 0xf0, 0xcc, 0x90, 0x34,
    0x0, 0x0, 0x0, 0x0, 0x0, 0x0, 0x0, 0x0,
    0x0, 0x0, 0x0, 0x0, 0x52, 0xe2, 0xff, 0xff,
    0xff, 0xff, 0xff, 0xff, 0xff, 0xff, 0xff, 0xb7,
    0x20, 0x0, 0x0, 0x0, 0x0, 0x0, 0x0, 0x0,
    0x0, 0x1, 0x8c, 0xff, 0xff, 0xff, 0xff, 0xff,
    0xff, 0xff, 0xff, 0xff, 0xff, 0xff, 0xff, 0xee,
    0x3d, 0x0, 0x0, 0x0, 0x0, 0x0, 0x0, 0x0,
    0x81, 0xff, 0xff, 0xff, 0xff, 0xff, 0xff, 0xff,
    0xff, 0xff, 0xff, 0xff, 0xff, 0xff, 0xff, 0xf3,
    0x2e, 0x0, 0x0, 0x0, 0x0, 0x0, 0x40, 0xfe,
    0xff, 0xff, 0xff, 0xff, 0xf0, 0x89, 0x47, 0x39,
    0x59, 0xb0, 0xff, 0xff, 0xff, 0xff, 0xff, 0xd7,
    0x7, 0x0, 0x0, 0x0, 0x1, 0xcf, 0xff, 0xff,
    0xff, 0xff, 0xd3, 0x1c, 0x0, 0x0, 0x0, 0x0,
    0x0, 0x51, 0xf9, 0xff, 0xff, 0xff, 0xff, 0x71,
    0x0, 0x0, 0x0, 0x43, 0xff, 0xff, 0xff, 0xff,
    0xf3, 0x1f, 0x0, 0x0, 0x0, 0x0, 0x0, 0x0,
    0x0, 0x6b, 0xff, 0xff, 0xff, 0xff, 0xe4, 0x3,
    0x0, 0x0, 0x9d, 0xff, 0xff, 0xff, 0xff, 0x82,
    0x0, 0x0, 0x0, 0x0, 0x0, 0x0, 0x0, 0x0,
    0x2, 0xd9, 0xff, 0xff, 0xff, 0xff, 0x40, 0x0,
    0x0, 0xdf, 0xff, 0xff, 0xff, 0xff, 0x1f, 0x0,
    0x0, 0x0, 0x0, 0x0, 0x0, 0x0, 0x0, 0x0,
    0x77, 0xff, 0xff, 0xff, 0xff, 0x83, 0x0, 0xe,
    0xff, 0xff, 0xff, 0xff, 0xdf, 0x0, 0x0, 0x0,
    0x0, 0x0, 0x0, 0x0, 0x0, 0x0, 0x0, 0x34,
    0xff, 0xff, 0xff, 0xff, 0xb2, 0x0, 0x2d, 0xff,
    0xff, 0xff, 0xff, 0xb5, 0x0, 0x0, 0x0, 0x0,
    0x0, 0x0, 0x0, 0x0, 0x0, 0x0, 0xb, 0xff,
    0xff, 0xff, 0xff, 0xd1, 0x0, 0x3d, 0xff, 0xff,
    0xff, 0xff, 0xa0, 0x0, 0x0, 0x0, 0x0, 0x0,
    0x0, 0x0, 0x0, 0x0, 0x0, 0x0, 0xf4, 0xff,
    0xff, 0xff, 0xe1, 0x0, 0x43, 0xff, 0xff, 0xff,
    0xff, 0x9b, 0x0, 0x0, 0x0, 0x0, 0x0, 0x0,
    0x0, 0x0, 0x0, 0x0, 0x0, 0xef, 0xff, 0xff,
    0xff, 0xe7, 0x0, 0x3a, 0xff, 0xff, 0xff, 0xff,
    0xa3, 0x0, 0x0, 0x0, 0x0, 0x0, 0x0, 0x0,
    0x0, 0x0, 0x0, 0x0, 0xf7, 0xff, 0xff, 0xff,
    0xde, 0x0, 0x27, 0xff, 0xff, 0xff, 0xff, 0xba,
    0x0, 0x0, 0x0, 0x0, 0x0, 0x0, 0x0, 0x0,
    0x0, 0x0, 0xf, 0xff, 0xff, 0xff, 0xff, 0xcb,
    0x0, 0x8, 0xfd, 0xff, 0xff, 0xff, 0xe2, 0x0,
    0x0, 0x0, 0x0, 0x0, 0x0, 0x0, 0x0, 0x0,
    0x0, 0x39, 0xff, 0xff, 0xff, 0xff, 0xa9, 0x0,
    0x0, 0xd2, 0xff, 0xff, 0xff, 0xff, 0x22, 0x0,
    0x0, 0x0, 0x0, 0x0, 0x0, 0x0, 0x0, 0x0,
    0x7a, 0xff, 0xff, 0xff, 0xff, 0x76, 0x0, 0x0,
    0x8c, 0xff, 0xff, 0xff, 0xff, 0x7f, 0x0, 0x0,
    0x0, 0x0, 0x0, 0x0, 0x0, 0x0, 0x1, 0xd7,
    0xff, 0xff, 0xff, 0xff, 0x30, 0x0, 0x0, 0x31,
    0xff, 0xff, 0xff, 0xff, 0xef, 0x16, 0x0, 0x0,
    0x0, 0x0, 0x0, 0x0, 0x0, 0x5f, 0xff, 0xff,
    0xff, 0xff, 0xd4, 0x0, 0x0, 0x0, 0x0, 0xbc,
    0xff, 0xff, 0xff, 0xff, 0xc1, 0xc, 0x0, 0x0,
    0x0, 0x0, 0x0, 0x37, 0xf3, 0xff, 0xff, 0xff,
    0xff, 0x5f, 0x0, 0x0, 0x0, 0x0, 0x2e, 0xfa,
    0xff, 0xff, 0xff, 0xff, 0xd9, 0x5a, 0x15, 0x7,
    0x28, 0x83, 0xf7, 0xff, 0xff, 0xff, 0xff, 0xc9,
    0x2, 0x0, 0x0, 0x0, 0x0, 0x0, 0x6d, 0xff,
    0xff, 0xff, 0xff, 0xff, 0xff, 0xff, 0xff, 0xff,
    0xff, 0xff, 0xff, 0xff, 0xff, 0xed, 0x24, 0x0,
    0x0, 0x0, 0x0, 0x0, 0x0, 0x0, 0x79, 0xff,
    0xff, 0xff, 0xff, 0xff, 0xff, 0xff, 0xff, 0xff,
    0xff, 0xff, 0xff, 0xe9, 0x33, 0x0, 0x0, 0x0,
    0x0, 0x0, 0x0, 0x0, 0x0, 0x0, 0x46, 0xdb,
    0xff, 0xff, 0xff, 0xff, 0xff, 0xff, 0xff, 0xff,
    0xff, 0xb0, 0x1b, 0x0, 0x0, 0x0, 0x0, 0x0,
    0x0, 0x0, 0x0, 0x0, 0x0, 0x0, 0x4, 0x54,
    0xa6, 0xf7, 0xff, 0xff, 0xff, 0xff, 0xa1, 0x31,
    0x0, 0x0, 0x0, 0x0, 0x0, 0x0, 0x0, 0x0,
    0x0, 0x0, 0x0, 0x0, 0x0, 0x0, 0x0, 0x0,
    0x8e, 0xff, 0xff, 0xff, 0xff, 0x98, 0x0, 0x0,
    0x0, 0x0, 0x0, 0x0, 0x0, 0x0, 0x0, 0x0,
    0x0, 0x0, 0x0, 0x0, 0x0, 0x0, 0x0, 0x19,
    0xf4, 0xff, 0xff, 0xff, 0xff, 0x71, 0x0, 0x0,
    0x0, 0x0, 0x0, 0x0, 0x0, 0x0, 0x0, 0x0,
    0x0, 0x0, 0x0, 0x0, 0x0, 0x0, 0x0, 0x70,
    0xff, 0xff, 0xff, 0xff, 0xff, 0xb1, 0x3f, 0x5,
    0x0, 0x5, 0x42, 0x14, 0x0, 0x0, 0x0, 0x0,
    0x0, 0x0, 0x0, 0x0, 0x0, 0x0, 0x1, 0xab,
    0xff, 0xff, 0xff, 0xff, 0xff, 0xff, 0xfa, 0xea,
    0xfa, 0xff, 0x55, 0x0, 0x0, 0x0, 0x0, 0x0,
    0x0, 0x0, 0x0, 0x0, 0x0, 0x0, 0x7, 0xab,
    0xff, 0xff, 0xff, 0xff, 0xff, 0xff, 0xff, 0xff,
    0xff, 0x91, 0x0, 0x0, 0x0, 0x0, 0x0, 0x0,
    0x0, 0x0, 0x0, 0x0, 0x0, 0x0, 0x1, 0x6a,
    0xef, 0xff, 0xff, 0xff, 0xff, 0xff, 0xff, 0xff,
    0xcb, 0x0, 0x0, 0x0, 0x0, 0x0, 0x0, 0x0,
    0x0, 0x0, 0x0, 0x0, 0x0, 0x0, 0x0, 0xf,
    0x6b, 0xb6, 0xe4, 0xfa, 0xfd, 0xe8, 0xbb, 0x6e,

    /* U+0052 "R" */
    0x18, 0xff, 0xff, 0xff, 0xff, 0xff, 0xff, 0xff,
    0xff, 0xfc, 0xef, 0xd2, 0x9f, 0x55, 0x6, 0x0,
    0x0, 0x0, 0x0, 0x0, 0x18, 0xff, 0xff, 0xff,
    0xff, 0xff, 0xff, 0xff, 0xff, 0xff, 0xff, 0xff,
    0xff, 0xff, 0xe6, 0x4e, 0x0, 0x0, 0x0, 0x0,
    0x18, 0xff, 0xff, 0xff, 0xff, 0xff, 0xff, 0xff,
    0xff, 0xff, 0xff, 0xff, 0xff, 0xff, 0xff, 0xfe,
    0x60, 0x0, 0x0, 0x0, 0x18, 0xff, 0xff, 0xff,
    0xff, 0xf7, 0xe8, 0xe8, 0xe8, 0xf1, 0xff, 0xff,
    0xff, 0xff, 0xff, 0xff, 0xf8, 0x23, 0x0, 0x0,
    0x18, 0xff, 0xff, 0xff, 0xff, 0xa4, 0x0, 0x0,
    0x0, 0x0, 0x13, 0x5e, 0xe2, 0xff, 0xff, 0xff,
    0xff, 0x92, 0x0, 0x0, 0x18, 0xff, 0xff, 0xff,
    0xff, 0xa4, 0x0, 0x0, 0x0, 0x0, 0x0, 0x0,
    0x23, 0xf8, 0xff, 0xff, 0xff, 0xd9, 0x0, 0x0,
    0x18, 0xff, 0xff, 0xff, 0xff, 0xa4, 0x0, 0x0,
    0x0, 0x0, 0x0, 0x0, 0x0, 0xb7, 0xff, 0xff,
    0xff, 0xfc, 0x3, 0x0, 0x18, 0xff, 0xff, 0xff,
    0xff, 0xa4, 0x0, 0x0, 0x0, 0x0, 0x0, 0x0,
    0x0, 0x97, 0xff, 0xff, 0xff, 0xff, 0xe, 0x0,
    0x18, 0xff, 0xff, 0xff, 0xff, 0xa4, 0x0, 0x0,
    0x0, 0x0, 0x0, 0x0, 0x0, 0xa2, 0xff, 0xff,
    0xff, 0xff, 0x8, 0x0, 0x18, 0xff, 0xff, 0xff,
    0xff, 0xa4, 0x0, 0x0, 0x0, 0x0, 0x0, 0x0,
    0x1, 0xdb, 0xff, 0xff, 0xff, 0xed, 0x0, 0x0,
    0x18, 0xff, 0xff, 0xff, 0xff, 0xa4, 0x0, 0x0,
    0x0, 0x0, 0x0, 0x0, 0x6a, 0xff, 0xff, 0xff,
    0xff, 0xb6, 0x0, 0x0, 0x18, 0xff, 0xff, 0xff,
    0xff, 0xa4, 0x0, 0x0, 0x0, 0xb, 0x36, 0x99,
    0xfe, 0xff, 0xff, 0xff, 0xff, 0x59, 0x0, 0x0,
    0x18, 0xff, 0xff, 0xff, 0xff, 0xff, 0xff, 0xff,
    0xff, 0xff, 0xff, 0xff, 0xff, 0xff, 0xff, 0xff,
    0xc5, 0x3, 0x0, 0x0, 0x18, 0xff, 0xff, 0xff,
    0xff, 0xff, 0xff, 0xff, 0xff, 0xff, 0xff, 0xff,
    0xff, 0xff, 0xff, 0xd9, 0x1a, 0x0, 0x0, 0x0,
    0x18, 0xff, 0xff, 0xff, 0xff, 0xff, 0xff, 0xff,
    0xff, 0xff, 0xff, 0xff, 0xff, 0xfc, 0x9c, 0x10,
    0x0, 0x0, 0x0, 0x0, 0x18, 0xff, 0xff, 0xff,
    0xff, 0xf5, 0xe0, 0xe0, 0xe4, 0xff, 0xff, 0xff,
    0xff, 0xcf, 0x2, 0x0, 0x0, 0x0, 0x0, 0x0,
    0x18, 0xff, 0xff, 0xff, 0xff, 0xa4, 0x0, 0x0,
    0x0, 0xbc, 0xff, 0xff, 0xff, 0xff, 0x5d, 0x0,
    0x0, 0x0, 0x0, 0x0, 0x18, 0xff, 0xff, 0xff,
    0xff, 0xa4, 0x0, 0x0, 0x0, 0x35, 0xff, 0xff,
    0xff, 0xff, 0xe1, 0x9, 0x0, 0x0, 0x0, 0x0,
    0x18, 0xff, 0xff, 0xff, 0xff, 0xa4, 0x0, 0x0,
    0x0, 0x0, 0xac, 0xff, 0xff, 0xff, 0xff, 0x7a,
    0x0, 0x0, 0x0, 0x0, 0x18, 0xff, 0xff, 0xff,
    0xff, 0xa4, 0x0, 0x0, 0x0, 0x0, 0x28, 0xfc,
    0xff, 0xff, 0xff, 0xf2, 0x16, 0x0, 0x0, 0x0,
    0x18, 0xff, 0xff, 0xff, 0xff, 0xa4, 0x0, 0x0,
    0x0, 0x0, 0x0, 0x9c, 0xff, 0xff, 0xff, 0xff,
    0x96, 0x0, 0x0, 0x0, 0x18, 0xff, 0xff, 0xff,
    0xff, 0xa4, 0x0, 0x0, 0x0, 0x0, 0x0, 0x1c,
    0xf7, 0xff, 0xff, 0xff, 0xfc, 0x29, 0x0, 0x0,
    0x18, 0xff, 0xff, 0xff, 0xff, 0xa4, 0x0, 0x0,
    0x0, 0x0, 0x0, 0x0, 0x8c, 0xff, 0xff, 0xff,
    0xff, 0xb3, 0x0, 0x0, 0x18, 0xff, 0xff, 0xff,
    0xff, 0xa4, 0x0, 0x0, 0x0, 0x0, 0x0, 0x0,
    0x12, 0xf1, 0xff, 0xff, 0xff, 0xff, 0x42, 0x0,
    0x18, 0xff, 0xff, 0xff, 0xff, 0xa4, 0x0, 0x0,
    0x0, 0x0, 0x0, 0x0, 0x0, 0x7c, 0xff, 0xff,
    0xff, 0xff, 0xd0, 0x2,

    /* U+0053 "S" */
    0x0, 0x0, 0x0, 0x0, 0x0, 0x2b, 0x8d, 0xcd,
    0xf1, 0xfe, 0xf1, 0xcc, 0x8c, 0x32, 0x0, 0x0,
    0x0, 0x0, 0x0, 0x0, 0x0, 0xc, 0x9d, 0xfe,
    0xff, 0xff, 0xff, 0xff, 0xff, 0xff, 0xff, 0xff,
    0xb7, 0x23, 0x0, 0x0, 0x0, 0x0, 0x10, 0xce,
    0xff, 0xff, 0xff, 0xff, 0xff, 0xff, 0xff, 0xff,
    0xff, 0xff, 0xff, 0xf2, 0x48, 0x0, 0x0, 0x0,
    0xad, 0xff, 0xff, 0xff, 0xff, 0xff, 0xff, 0xff,
    0xff, 0xff, 0xff, 0xff, 0xff, 0xff, 0xa9, 0x0,
    0x0, 0x39, 0xff, 0xff, 0xff, 0xff, 0xff, 0xa0,
    0x4c, 0x37, 0x47, 0x7b, 0xd9, 0xff, 0xff, 0xd6,
    0xd, 0x0, 0x0, 0x8b, 0xff, 0xff, 0xff, 0xff,
    0x81, 0x0, 0x0, 0x0, 0x0, 0x0, 0x2, 0x69,
    0xe5, 0x26, 0x0, 0x0, 0x0, 0xae, 0xff, 0xff,
    0xff, 0xff, 0x2d, 0x0, 0x0, 0x0, 0x0, 0x0,
    0x0, 0x0, 0x8, 0x0, 0x0, 0x0, 0x0, 0xac,
    0xff, 0xff, 0xff, 0xff, 0x4c, 0x0, 0x0, 0x0,
    0x0, 0x0, 0x0, 0x0, 0x0, 0x0, 0x0, 0x0,
    0x0, 0x86, 0xff, 0xff, 0xff, 0xff, 0xe4, 0x37,
    0x0, 0x0, 0x0, 0x0, 0x0, 0x0, 0x0, 0x0,
    0x0, 0x0, 0x0, 0x31, 0xff, 0xff, 0xff, 0xff,
    0xff, 0xfe, 0xaf, 0x38, 0x0, 0x0, 0x0, 0x0,
    0x0, 0x0, 0x0, 0x0, 0x0, 0x0, 0x9d, 0xff,
    0xff, 0xff, 0xff, 0xff, 0xff, 0xff, 0xcc, 0x64,
    0xb, 0x0, 0x0, 0x0, 0x0, 0x0, 0x0, 0x0,
    0x9, 0xba, 0xff, 0xff, 0xff, 0xff, 0xff, 0xff,
    0xff, 0xff, 0xf1, 0x8d, 0x15, 0x0, 0x0, 0x0,
    0x0, 0x0, 0x0, 0x4, 0x7e, 0xf7, 0xff, 0xff,
    0xff, 0xff, 0xff, 0xff, 0xff, 0xff, 0xed, 0x4b,
    0x0, 0x0, 0x0, 0x0, 0x0, 0x0, 0x0, 0x1a,
    0x89, 0xef, 0xff, 0xff, 0xff, 0xff, 0xff, 0xff,
    0xff, 0xfc, 0x4a, 0x0, 0x0, 0x0, 0x0, 0x0,
    0x0, 0x0, 0x0, 0xb, 0x6c, 0xda, 0xff, 0xff,
    0xff, 0xff, 0xff, 0xff, 0xe8, 0xb, 0x0, 0x0,
    0x0, 0x0, 0x0, 0x0, 0x0, 0x0, 0x0, 0x1,
    0x4a, 0xce, 0xff, 0xff, 0xff, 0xff, 0xff, 0x5f,
    0x0, 0x0, 0x0, 0x0, 0x0, 0x0, 0x0, 0x0,
    0x0, 0x0, 0x0, 0x5, 0xaf, 0xff, 0xff, 0xff,
    0xff, 0x97, 0x0, 0x0, 0x0, 0x0, 0x0, 0x0,
    0x0, 0x0, 0x0, 0x0, 0x0, 0x0, 0x35, 0xff,
    0xff, 0xff, 0xff, 0xad, 0x0, 0x0, 0x43, 0x80,
    0x2, 0x0, 0x0, 0x0, 0x0, 0x0, 0x0, 0x0,
    0x36, 0xff, 0xff, 0xff, 0xff, 0xa3, 0x0, 0x24,
    0xee, 0xff, 0xc0, 0x2f, 0x0, 0x0, 0x0, 0x0,
    0x0, 0x1, 0xa5, 0xff, 0xff, 0xff, 0xff, 0x73,
    0x10, 0xd6, 0xff, 0xff, 0xff, 0xff, 0xbd, 0x6f,
    0x47, 0x42, 0x64, 0xc2, 0xff, 0xff, 0xff, 0xff,
    0xfa, 0x1b, 0x66, 0xff, 0xff, 0xff, 0xff, 0xff,
    0xff, 0xff, 0xff, 0xff, 0xff, 0xff, 0xff, 0xff,
    0xff, 0xff, 0x84, 0x0, 0x0, 0x6a, 0xf8, 0xff,
    0xff, 0xff, 0xff, 0xff, 0xff, 0xff, 0xff, 0xff,
    0xff, 0xff, 0xff, 0xae, 0x4, 0x0, 0x0, 0x0,
    0x25, 0xae, 0xfe, 0xff, 0xff, 0xff, 0xff, 0xff,
    0xff, 0xff, 0xff, 0xf7, 0x7b, 0x2, 0x0, 0x0,
    0x0, 0x0, 0x0, 0x0, 0x21, 0x78, 0xba, 0xe6,
    0xfa, 0xfa, 0xe7, 0xbd, 0x78, 0x17, 0x0, 0x0,
    0x0, 0x0,

    /* U+0054 "T" */
    0xc, 0xff, 0xff, 0xff, 0xff, 0xff, 0xff, 0xff,
    0xff, 0xff, 0xff, 0xff, 0xff, 0xff, 0xff, 0xff,
    0xff, 0xff, 0xff, 0xc, 0xc, 0xff, 0xff, 0xff,
    0xff, 0xff, 0xff, 0xff, 0xff, 0xff, 0xff, 0xff,
    0xff, 0xff, 0xff, 0xff, 0xff, 0xff, 0xff, 0xc,
    0xc, 0xff, 0xff, 0xff, 0xff, 0xff, 0xff, 0xff,
    0xff, 0xff, 0xff, 0xff, 0xff, 0xff, 0xff, 0xff,
    0xff, 0xff, 0xff, 0xc, 0xc, 0xff, 0xff, 0xff,
    0xff, 0xff, 0xff, 0xff, 0xff, 0xff, 0xff, 0xff,
    0xff, 0xff, 0xff, 0xff, 0xff, 0xff, 0xff, 0xc,
    0x1, 0x18, 0x18, 0x18, 0x18, 0x18, 0x18, 0x73,
    0xff, 0xff, 0xff, 0xff, 0x6b, 0x18, 0x18, 0x18,
    0x18, 0x18, 0x18, 0x1, 0x0, 0x0, 0x0, 0x0,
    0x0, 0x0, 0x0, 0x64, 0xff, 0xff, 0xff, 0xff,
    0x5c, 0x0, 0x0, 0x0, 0x0, 0x0, 0x0, 0x0,
    0x0, 0x0, 0x0, 0x0, 0x0, 0x0, 0x0, 0x64,
    0xff, 0xff, 0xff, 0xff, 0x5c, 0x0, 0x0, 0x0,
    0x0, 0x0, 0x0, 0x0, 0x0, 0x0, 0x0, 0x0,
    0x0, 0x0, 0x0, 0x64, 0xff, 0xff, 0xff, 0xff,
    0x5c, 0x0, 0x0, 0x0, 0x0, 0x0, 0x0, 0x0,
    0x0, 0x0, 0x0, 0x0, 0x0, 0x0, 0x0, 0x64,
    0xff, 0xff, 0xff, 0xff, 0x5c, 0x0, 0x0, 0x0,
    0x0, 0x0, 0x0, 0x0, 0x0, 0x0, 0x0, 0x0,
    0x0, 0x0, 0x0, 0x64, 0xff, 0xff, 0xff, 0xff,
    0x5c, 0x0, 0x0, 0x0, 0x0, 0x0, 0x0, 0x0,
    0x0, 0x0, 0x0, 0x0, 0x0, 0x0, 0x0, 0x64,
    0xff, 0xff, 0xff, 0xff, 0x5c, 0x0, 0x0, 0x0,
    0x0, 0x0, 0x0, 0x0, 0x0, 0x0, 0x0, 0x0,
    0x0, 0x0, 0x0, 0x64, 0xff, 0xff, 0xff, 0xff,
    0x5c, 0x0, 0x0, 0x0, 0x0, 0x0, 0x0, 0x0,
    0x0, 0x0, 0x0, 0x0, 0x0, 0x0, 0x0, 0x64,
    0xff, 0xff, 0xff, 0xff, 0x5c, 0x0, 0x0, 0x0,
    0x0, 0x0, 0x0, 0x0, 0x0, 0x0, 0x0, 0x0,
    0x0, 0x0, 0x0, 0x64, 0xff, 0xff, 0xff, 0xff,
    0x5c, 0x0, 0x0, 0x0, 0x0, 0x0, 0x0, 0x0,
    0x0, 0x0, 0x0, 0x0, 0x0, 0x0, 0x0, 0x64,
    0xff, 0xff, 0xff, 0xff, 0x5c, 0x0, 0x0, 0x0,
    0x0, 0x0, 0x0, 0x0, 0x0, 0x0, 0x0, 0x0,
    0x0, 0x0, 0x0, 0x64, 0xff, 0xff, 0xff, 0xff,
    0x5c, 0x0, 0x0, 0x0, 0x0, 0x0, 0x0, 0x0,
    0x0, 0x0, 0x0, 0x0, 0x0, 0x0, 0x0, 0x64,
    0xff, 0xff, 0xff, 0xff, 0x5c, 0x0, 0x0, 0x0,
    0x0, 0x0, 0x0, 0x0, 0x0, 0x0, 0x0, 0x0,
    0x0, 0x0, 0x0, 0x64, 0xff, 0xff, 0xff, 0xff,
    0x5c, 0x0, 0x0, 0x0, 0x0, 0x0, 0x0, 0x0,
    0x0, 0x0, 0x0, 0x0, 0x0, 0x0, 0x0, 0x64,
    0xff, 0xff, 0xff, 0xff, 0x5c, 0x0, 0x0, 0x0,
    0x0, 0x0, 0x0, 0x0, 0x0, 0x0, 0x0, 0x0,
    0x0, 0x0, 0x0, 0x64, 0xff, 0xff, 0xff, 0xff,
    0x5c, 0x0, 0x0, 0x0, 0x0, 0x0, 0x0, 0x0,
    0x0, 0x0, 0x0, 0x0, 0x0, 0x0, 0x0, 0x64,
    0xff, 0xff, 0xff, 0xff, 0x5c, 0x0, 0x0, 0x0,
    0x0, 0x0, 0x0, 0x0, 0x0, 0x0, 0x0, 0x0,
    0x0, 0x0, 0x0, 0x64, 0xff, 0xff, 0xff, 0xff,
    0x5c, 0x0, 0x0, 0x0, 0x0, 0x0, 0x0, 0x0,
    0x0, 0x0, 0x0, 0x0, 0x0, 0x0, 0x0, 0x64,
    0xff, 0xff, 0xff, 0xff, 0x5c, 0x0, 0x0, 0x0,
    0x0, 0x0, 0x0, 0x0, 0x0, 0x0, 0x0, 0x0,
    0x0, 0x0, 0x0, 0x64, 0xff, 0xff, 0xff, 0xff,
    0x5c, 0x0, 0x0, 0x0, 0x0, 0x0, 0x0, 0x0,
    0x0, 0x0, 0x0, 0x0, 0x0, 0x0, 0x0, 0x64,
    0xff, 0xff, 0xff, 0xff, 0x5c, 0x0, 0x0, 0x0,
    0x0, 0x0, 0x0, 0x0,

    /* U+0055 "U" */
    0x30, 0xff, 0xff, 0xff, 0xff, 0x84, 0x0, 0x0,
    0x0, 0x0, 0x0, 0x0, 0x0, 0x0, 0x64, 0xff,
    0xff, 0xff, 0xff, 0x28, 0x30, 0xff, 0xff, 0xff,
    0xff, 0x84, 0x0, 0x0, 0x0, 0x0, 0x0, 0x0,
    0x0, 0x0, 0x64, 0xff, 0xff, 0xff, 0xff, 0x28,
    0x30, 0xff, 0xff, 0xff, 0xff, 0x84, 0x0, 0x0,
    0x0, 0x0, 0x0, 0x0, 0x0, 0x0, 0x64, 0xff,
    0xff, 0xff, 0xff, 0x28, 0x30, 0xff, 0xff, 0xff,
    0xff, 0x84, 0x0, 0x0, 0x0, 0x0, 0x0, 0x0,
    0x0, 0x0, 0x64, 0xff, 0xff, 0xff, 0xff, 0x28,
    0x30, 0xff, 0xff, 0xff, 0xff, 0x84, 0x0, 0x0,
    0x0, 0x0, 0x0, 0x0, 0x0, 0x0, 0x64, 0xff,
    0xff, 0xff, 0xff, 0x28, 0x30, 0xff, 0xff, 0xff,
    0xff, 0x84, 0x0, 0x0, 0x0, 0x0, 0x0, 0x0,
    0x0, 0x0, 0x64, 0xff, 0xff, 0xff, 0xff, 0x28,
    0x30, 0xff, 0xff, 0xff, 0xff, 0x84, 0x0, 0x0,
    0x0, 0x0, 0x0, 0x0, 0x0, 0x0, 0x64, 0xff,
    0xff, 0xff, 0xff, 0x28, 0x30, 0xff, 0xff, 0xff,
    0xff, 0x84, 0x0, 0x0, 0x0, 0x0, 0x0, 0x0,
    0x0, 0x0, 0x64, 0xff, 0xff, 0xff, 0xff, 0x28,
    0x30, 0xff, 0xff, 0xff, 0xff, 0x84, 0x0, 0x0,
    0x0, 0x0, 0x0, 0x0, 0x0, 0x0, 0x64, 0xff,
    0xff, 0xff, 0xff, 0x28, 0x30, 0xff, 0xff, 0xff,
    0xff, 0x84, 0x0, 0x0, 0x0, 0x0, 0x0, 0x0,
    0x0, 0x0, 0x64, 0xff, 0xff, 0xff, 0xff, 0x28,
    0x30, 0xff, 0xff, 0xff, 0xff, 0x84, 0x0, 0x0,
    0x0, 0x0, 0x0, 0x0, 0x0, 0x0, 0x64, 0xff,
    0xff, 0xff, 0xff, 0x28, 0x30, 0xff, 0xff, 0xff,
    0xff, 0x84, 0x0, 0x0, 0x0, 0x0, 0x0, 0x0,
    0x0, 0x0, 0x64, 0xff, 0xff, 0xff, 0xff, 0x28,
    0x30, 0xff, 0xff, 0xff, 0xff, 0x84, 0x0, 0x0,
    0x0, 0x0, 0x0, 0x0, 0x0, 0x0, 0x64, 0xff,
    0xff, 0xff, 0xff, 0x28, 0x2f, 0xff, 0xff, 0xff,
    0xff, 0x84, 0x0, 0x0, 0x0, 0x0, 0x0, 0x0,
    0x0, 0x0, 0x64, 0xff, 0xff, 0xff, 0xff, 0x27,
    0x2a, 0xff, 0xff, 0xff, 0xff, 0x86, 0x0, 0x0,
    0x0, 0x0, 0x0, 0x0, 0x0, 0x0, 0x67, 0xff,
    0xff, 0xff, 0xff, 0x22, 0x1c, 0xff, 0xff, 0xff,
    0xff, 0x94, 0x0, 0x0, 0x0, 0x0, 0x0, 0x0,
    0x0, 0x0, 0x74, 0xff, 0xff, 0xff, 0xff, 0x13,
    0x5, 0xfc, 0xff, 0xff, 0xff, 0xb3, 0x0, 0x0,
    0x0, 0x0, 0x0, 0x0, 0x0, 0x0, 0x94, 0xff,
    0xff, 0xff, 0xf9, 0x1, 0x0, 0xdb, 0xff, 0xff,
    0xff, 0xe9, 0x2, 0x0, 0x0, 0x0, 0x0, 0x0,
    0x0, 0x0, 0xce, 0xff, 0xff, 0xff, 0xd3, 0x0,
    0x0, 0xa2, 0xff, 0xff, 0xff, 0xff, 0x4c, 0x0,
    0x0, 0x0, 0x0, 0x0, 0x0, 0x33, 0xff, 0xff,
    0xff, 0xff, 0x99, 0x0, 0x0, 0x54, 0xff, 0xff,
    0xff, 0xff, 0xdd, 0x17, 0x0, 0x0, 0x0, 0x0,
    0x10, 0xce, 0xff, 0xff, 0xff, 0xff, 0x4d, 0x0,
    0x0, 0x5, 0xe4, 0xff, 0xff, 0xff, 0xff, 0xe9,
    0x7b, 0x47, 0x44, 0x76, 0xe2, 0xff, 0xff, 0xff,
    0xff, 0xe0, 0x4, 0x0, 0x0, 0x0, 0x5a, 0xff,
    0xff, 0xff, 0xff, 0xff, 0xff, 0xff, 0xff, 0xff,
    0xff, 0xff, 0xff, 0xff, 0xff, 0x55, 0x0, 0x0,
    0x0, 0x0, 0x0, 0x93, 0xff, 0xff, 0xff, 0xff,
    0xff, 0xff, 0xff, 0xff, 0xff, 0xff, 0xff, 0xff,
    0x8f, 0x0, 0x0, 0x0, 0x0, 0x0, 0x0, 0x1,
    0x74, 0xf6, 0xff, 0xff, 0xff, 0xff, 0xff, 0xff,
    0xff, 0xff, 0xf6, 0x72, 0x1, 0x0, 0x0, 0x0,
    0x0, 0x0, 0x0, 0x0, 0x0, 0x18, 0x79, 0xbe,
    0xe8, 0xfb, 0xfc, 0xe8, 0xbe, 0x79, 0x18, 0x0,
    0x0, 0x0, 0x0, 0x0,

    /* U+0056 "V" */
    0xb, 0xf8, 0xff, 0xff, 0xff, 0xf1, 0x3, 0x0,
    0x0, 0x0, 0x0, 0x0, 0x0, 0x0, 0x0, 0x3,
    0xf1, 0xff, 0xff, 0xff, 0xd3, 0x0, 0xb9, 0xff,
    0xff, 0xff, 0xff, 0x35, 0x0, 0x0, 0x0, 0x0,
    0x0, 0x0, 0x0, 0x0, 0x34, 0xff, 0xff, 0xff,
    0xff, 0x89, 0x0, 0x6f, 0xff, 0xff, 0xff, 0xff,
    0x77, 0x0, 0x0, 0x0, 0x0, 0x0, 0x0, 0x0,
    0x0, 0x75, 0xff, 0xff, 0xff, 0xff, 0x3f, 0x0,
    0x25, 0xff, 0xff, 0xff, 0xff, 0xb9, 0x0, 0x0,
    0x0, 0x0, 0x0, 0x0, 0x0, 0x0, 0xb7, 0xff,
    0xff, 0xff, 0xf0, 0x4, 0x0, 0x0, 0xda, 0xff,
    0xff, 0xff, 0xf4, 0x6, 0x0, 0x0, 0x0, 0x0,
    0x0, 0x0, 0x4, 0xf3, 0xff, 0xff, 0xff, 0xab,
    0x0, 0x0, 0x0, 0x91, 0xff, 0xff, 0xff, 0xff,
    0x3c, 0x0, 0x0, 0x0, 0x0, 0x0, 0x0, 0x37,
    0xff, 0xff, 0xff, 0xff, 0x60, 0x0, 0x0, 0x0,
    0x47, 0xff, 0xff, 0xff, 0xff, 0x7c, 0x0, 0x0,
    0x0, 0x0, 0x0, 0x0, 0x79, 0xff, 0xff, 0xff,
    0xff, 0x18, 0x0, 0x0, 0x0, 0x8, 0xf5, 0xff,
    0xff, 0xff, 0xbe, 0x0, 0x0, 0x0, 0x0, 0x0,
    0x0, 0xb9, 0xff, 0xff, 0xff, 0xcc, 0x0, 0x0,
    0x0, 0x0, 0x0, 0xb3, 0xff, 0xff, 0xff, 0xf8,
    0x8, 0x0, 0x0, 0x0, 0x0, 0x5, 0xf4, 0xff,
    0xff, 0xff, 0x83, 0x0, 0x0, 0x0, 0x0, 0x0,
    0x68, 0xff, 0xff, 0xff, 0xff, 0x40, 0x0, 0x0,
    0x0, 0x0, 0x3c, 0xff, 0xff, 0xff, 0xff, 0x39,
    0x0, 0x0, 0x0, 0x0, 0x0, 0x1e, 0xff, 0xff,
    0xff, 0xff, 0x81, 0x0, 0x0, 0x0, 0x0, 0x7c,
    0xff, 0xff, 0xff, 0xec, 0x2, 0x0, 0x0, 0x0,
    0x0, 0x0, 0x0, 0xd4, 0xff, 0xff, 0xff, 0xc4,
    0x0, 0x0, 0x0, 0x0, 0xbc, 0xff, 0xff, 0xff,
    0xa4, 0x0, 0x0, 0x0, 0x0, 0x0, 0x0, 0x0,
    0x8c, 0xff, 0xff, 0xff, 0xfa, 0xb, 0x0, 0x0,
    0x6, 0xf6, 0xff, 0xff, 0xff, 0x59, 0x0, 0x0,
    0x0, 0x0, 0x0, 0x0, 0x0, 0x40, 0xff, 0xff,
    0xff, 0xff, 0x4b, 0x0, 0x0, 0x40, 0xff, 0xff,
    0xff, 0xfd, 0x13, 0x0, 0x0, 0x0, 0x0, 0x0,
    0x0, 0x0, 0x4, 0xf1, 0xff, 0xff, 0xff, 0x8c,
    0x0, 0x0, 0x80, 0xff, 0xff, 0xff, 0xc6, 0x0,
    0x0, 0x0, 0x0, 0x0, 0x0, 0x0, 0x0, 0x0,
    0xac, 0xff, 0xff, 0xff, 0xc9, 0x0, 0x0, 0xbc,
    0xff, 0xff, 0xff, 0x7c, 0x0, 0x0, 0x0, 0x0,
    0x0, 0x0, 0x0, 0x0, 0x0, 0x62, 0xff, 0xff,
    0xff, 0xfb, 0xa, 0x5, 0xf6, 0xff, 0xff, 0xff,
    0x31, 0x0, 0x0, 0x0, 0x0, 0x0, 0x0, 0x0,
    0x0, 0x0, 0x19, 0xff, 0xff, 0xff, 0xff, 0x3f,
    0x37, 0xff, 0xff, 0xff, 0xe7, 0x1, 0x0, 0x0,
    0x0, 0x0, 0x0, 0x0, 0x0, 0x0, 0x0, 0x0,
    0xcd, 0xff, 0xff, 0xff, 0x7c, 0x76, 0xff, 0xff,
    0xff, 0x9e, 0x0, 0x0, 0x0, 0x0, 0x0, 0x0,
    0x0, 0x0, 0x0, 0x0, 0x0, 0x83, 0xff, 0xff,
    0xff, 0xbc, 0xba, 0xff, 0xff, 0xff, 0x54, 0x0,
    0x0, 0x0, 0x0, 0x0, 0x0, 0x0, 0x0, 0x0,
    0x0, 0x0, 0x39, 0xff, 0xff, 0xff, 0xf9, 0xf9,
    0xff, 0xff, 0xfa, 0xf, 0x0, 0x0, 0x0, 0x0,
    0x0, 0x0, 0x0, 0x0, 0x0, 0x0, 0x0, 0x3,
    0xed, 0xff, 0xff, 0xff, 0xff, 0xff, 0xff, 0xc0,
    0x0, 0x0, 0x0, 0x0, 0x0, 0x0, 0x0, 0x0,
    0x0, 0x0, 0x0, 0x0, 0x0, 0xa6, 0xff, 0xff,
    0xff, 0xff, 0xff, 0xff, 0x74, 0x0, 0x0, 0x0,
    0x0, 0x0, 0x0, 0x0, 0x0, 0x0, 0x0, 0x0,
    0x0, 0x0, 0x5c, 0xff, 0xff, 0xff, 0xff, 0xff,
    0xff, 0x2b, 0x0, 0x0, 0x0, 0x0, 0x0, 0x0,
    0x0, 0x0, 0x0, 0x0, 0x0, 0x0, 0x0, 0x14,
    0xfd, 0xff, 0xff, 0xff, 0xff, 0xe1, 0x0, 0x0,
    0x0, 0x0, 0x0, 0x0, 0x0,

    /* U+0057 "W" */
    0x4e, 0xff, 0xff, 0xff, 0xff, 0x82, 0x0, 0x0,
    0x0, 0x0, 0x0, 0x0, 0x61, 0xff, 0xff, 0xff,
    0xe8, 0x0, 0x0, 0x0, 0x0, 0x0, 0x0, 0x0,
    0xec, 0xff, 0xff, 0xff, 0x8e, 0x1e, 0xff, 0xff,
    0xff, 0xff, 0xaa, 0x0, 0x0, 0x0, 0x0, 0x0,
    0x0, 0x9a, 0xff, 0xff, 0xff, 0xff, 0x22, 0x0,
    0x0, 0x0, 0x0, 0x0, 0x14, 0xff, 0xff, 0xff,
    0xff, 0x61, 0x1, 0xef, 0xff, 0xff, 0xff, 0xd1,
    0x0, 0x0, 0x0, 0x0, 0x0, 0x0, 0xd2, 0xff,
    0xff, 0xff, 0xff, 0x5c, 0x0, 0x0, 0x0, 0x0,
    0x0, 0x3c, 0xff, 0xff, 0xff, 0xff, 0x33, 0x0,
    0xc2, 0xff, 0xff, 0xff, 0xf5, 0x1, 0x0, 0x0,
    0x0, 0x0, 0xe, 0xfe, 0xff, 0xff, 0xff, 0xff,
    0x96, 0x0, 0x0, 0x0, 0x0, 0x0, 0x63, 0xff,
    0xff, 0xff, 0xfd, 0x9, 0x0, 0x93, 0xff, 0xff,
    0xff, 0xff, 0x1d, 0x0, 0x0, 0x0, 0x0, 0x45,
    0xff, 0xff, 0xff, 0xff, 0xff, 0xcf, 0x0, 0x0,
    0x0, 0x0, 0x0, 0x8a, 0xff, 0xff, 0xff, 0xda,
    0x0, 0x0, 0x64, 0xff, 0xff, 0xff, 0xff, 0x42,
    0x0, 0x0, 0x0, 0x0, 0x7e, 0xff, 0xff, 0xff,
    0xff, 0xff, 0xfd, 0xd, 0x0, 0x0, 0x0, 0x0,
    0xb2, 0xff, 0xff, 0xff, 0xad, 0x0, 0x0, 0x36,
    0xff, 0xff, 0xff, 0xff, 0x6a, 0x0, 0x0, 0x0,
    0x0, 0xb6, 0xff, 0xff, 0xfb, 0xff, 0xff, 0xff,
    0x43, 0x0, 0x0, 0x0, 0x0, 0xda, 0xff, 0xff,
    0xff, 0x80, 0x0, 0x0, 0xa, 0xfd, 0xff, 0xff,
    0xff, 0x8f, 0x0, 0x0, 0x0, 0x1, 0xef, 0xff,
    0xff, 0xab, 0xff, 0xff, 0xff, 0x7d, 0x0, 0x0,
    0x0, 0x6, 0xfc, 0xff, 0xff, 0xff, 0x53, 0x0,
    0x0, 0x0, 0xd9, 0xff, 0xff, 0xff, 0xb6, 0x0,
    0x0, 0x0, 0x28, 0xff, 0xff, 0xff, 0x56, 0xff,
    0xff, 0xff, 0xb6, 0x0, 0x0, 0x0, 0x2a, 0xff,
    0xff, 0xff, 0xff, 0x26, 0x0, 0x0, 0x0, 0xaa,
    0xff, 0xff, 0xff, 0xdc, 0x0, 0x0, 0x0, 0x62,
    0xff, 0xff, 0xff, 0x1e, 0xe0, 0xff, 0xff, 0xef,
    0x1, 0x0, 0x0, 0x51, 0xff, 0xff, 0xff, 0xf6,
    0x2, 0x0, 0x0, 0x0, 0x7b, 0xff, 0xff, 0xff,
    0xfc, 0x6, 0x0, 0x0, 0x9b, 0xff, 0xff, 0xed,
    0x0, 0xb0, 0xff, 0xff, 0xff, 0x29, 0x0, 0x0,
    0x78, 0xff, 0xff, 0xff, 0xcc, 0x0, 0x0, 0x0,
    0x0, 0x4e, 0xff, 0xff, 0xff, 0xff, 0x29, 0x0,
    0x0, 0xd3, 0xff, 0xff, 0xbe, 0x0, 0x7e, 0xff,
    0xff, 0xff, 0x63, 0x0, 0x0, 0xa0, 0xff, 0xff,
    0xff, 0x9e, 0x0, 0x0, 0x0, 0x0, 0x1e, 0xff,
    0xff, 0xff, 0xff, 0x4f, 0x0, 0xc, 0xfe, 0xff,
    0xff, 0x8d, 0x0, 0x4d, 0xff, 0xff, 0xff, 0x9a,
    0x0, 0x0, 0xc7, 0xff, 0xff, 0xff, 0x72, 0x0,
    0x0, 0x0, 0x0, 0x0, 0xef, 0xff, 0xff, 0xff,
    0x75, 0x0, 0x3a, 0xff, 0xff, 0xff, 0x58, 0x0,
    0x18, 0xff, 0xff, 0xff, 0xcb, 0x0, 0x0, 0xe8,
    0xff, 0xff, 0xff, 0x45, 0x0, 0x0, 0x0, 0x0,
    0x0, 0xc2, 0xff, 0xff, 0xff, 0x9b, 0x0, 0x6a,
    0xff, 0xff, 0xff, 0x23, 0x0, 0x0, 0xe0, 0xff,
    0xff, 0xf9, 0x5, 0xb, 0xff, 0xff, 0xff, 0xff,
    0x18, 0x0, 0x0, 0x0, 0x0, 0x0, 0x92, 0xff,
    0xff, 0xff, 0xc1, 0x0, 0x9a, 0xff, 0xff, 0xed,
    0x1, 0x0, 0x0, 0xa9, 0xff, 0xff, 0xff, 0x2e,
    0x2c, 0xff, 0xff, 0xff, 0xeb, 0x0, 0x0, 0x0,
    0x0, 0x0, 0x0, 0x64, 0xff, 0xff, 0xff, 0xe6,
    0x0, 0xca, 0xff, 0xff, 0xb7, 0x0, 0x0, 0x0,
    0x73, 0xff, 0xff, 0xff, 0x5e, 0x4d, 0xff, 0xff,
    0xff, 0xbe, 0x0, 0x0, 0x0, 0x0, 0x0, 0x0,
    0x36, 0xff, 0xff, 0xff, 0xff, 0xd, 0xf7, 0xff,
    0xff, 0x81, 0x0, 0x0, 0x0, 0x3c, 0xff, 0xff,
    0xff, 0x8e, 0x70, 0xff, 0xff, 0xff, 0x91, 0x0,
    0x0, 0x0, 0x0, 0x0, 0x0, 0x9, 0xfd, 0xff,
    0xff, 0xff, 0x55, 0xff, 0xff, 0xff, 0x4c, 0x0,
    0x0, 0x0, 0x9, 0xfb, 0xff, 0xff, 0xbe, 0x90,
    0xff, 0xff, 0xff, 0x64, 0x0, 0x0, 0x0, 0x0,
    0x0, 0x0, 0x0, 0xd9, 0xff, 0xff, 0xff, 0xa6,
    0xff, 0xff, 0xff, 0x17, 0x0, 0x0, 0x0, 0x0,
    0xce, 0xff, 0xff, 0xee, 0xb1, 0xff, 0xff, 0xff,
    0x37, 0x0, 0x0, 0x0, 0x0, 0x0, 0x0, 0x0,
    0xaa, 0xff, 0xff, 0xff, 0xfa, 0xff, 0xff, 0xe1,
    0x0, 0x0, 0x0, 0x0, 0x0, 0x97, 0xff, 0xff,
    0xff, 0xf8, 0xff, 0xff, 0xfe, 0xc, 0x0, 0x0,
    0x0, 0x0, 0x0, 0x0, 0x0, 0x7a, 0xff, 0xff,
    0xff, 0xff, 0xff, 0xff, 0xac, 0x0, 0x0, 0x0,
    0x0, 0x0, 0x60, 0xff, 0xff, 0xff, 0xff, 0xff,
    0xff, 0xde, 0x0, 0x0, 0x0, 0x0, 0x0, 0x0,
    0x0, 0x0, 0x4e, 0xff, 0xff, 0xff, 0xff, 0xff,
    0xff, 0x76, 0x0, 0x0, 0x0, 0x0, 0x0, 0x29,
    0xff, 0xff, 0xff, 0xff, 0xff, 0xff, 0xb1, 0x0,
    0x0, 0x0, 0x0, 0x0, 0x0, 0x0, 0x0, 0x1e,
    0xff, 0xff, 0xff, 0xff, 0xff, 0xff, 0x40, 0x0,
    0x0, 0x0, 0x0, 0x0, 0x2, 0xf0, 0xff, 0xff,
    0xff, 0xff, 0xff, 0x83, 0x0, 0x0, 0x0, 0x0,
    0x0, 0x0, 0x0, 0x0, 0x0, 0xee, 0xff, 0xff,
    0xff, 0xff, 0xfe, 0xd, 0x0, 0x0, 0x0, 0x0,
    0x0, 0x0, 0xbc, 0xff, 0xff, 0xff, 0xff, 0xff,
    0x56, 0x0, 0x0, 0x0, 0x0,

    /* U+0058 "X" */
    0x7, 0xe2, 0xff, 0xff, 0xff, 0xff, 0x56, 0x0,
    0x0, 0x0, 0x0, 0x0, 0x0, 0xf, 0xf4, 0xff,
    0xff, 0xff, 0xe8, 0xa, 0x0, 0x65, 0xff, 0xff,
    0xff, 0xff, 0xcd, 0x0, 0x0, 0x0, 0x0, 0x0,
    0x0, 0x72, 0xff, 0xff, 0xff, 0xff, 0x71, 0x0,
    0x0, 0x5, 0xdc, 0xff, 0xff, 0xff, 0xff, 0x41,
    0x0, 0x0, 0x0, 0x0, 0x2, 0xde, 0xff, 0xff,
    0xff, 0xe7, 0x9, 0x0, 0x0, 0x0, 0x5d, 0xff,
    0xff, 0xff, 0xff, 0xb8, 0x0, 0x0, 0x0, 0x0,
    0x4e, 0xff, 0xff, 0xff, 0xff, 0x70, 0x0, 0x0,
    0x0, 0x0, 0x3, 0xd6, 0xff, 0xff, 0xff, 0xff,
    0x2c, 0x0, 0x0, 0x0, 0xbd, 0xff, 0xff, 0xff,
    0xe5, 0x8, 0x0, 0x0, 0x0, 0x0, 0x0, 0x54,
    0xff, 0xff, 0xff, 0xff, 0xa2, 0x0, 0x0, 0x2c,
    0xff, 0xff, 0xff, 0xff, 0x6a, 0x0, 0x0, 0x0,
    0x0, 0x0, 0x0, 0x1, 0xce, 0xff, 0xff, 0xff,
    0xfb, 0x1b, 0x0, 0x9a, 0xff, 0xff, 0xff, 0xe2,
    0x7, 0x0, 0x0, 0x0, 0x0, 0x0, 0x0, 0x0,
    0x4a, 0xff, 0xff, 0xff, 0xff, 0x86, 0xc, 0xf4,
    0xff, 0xff, 0xff, 0x68, 0x0, 0x0, 0x0, 0x0,
    0x0, 0x0, 0x0, 0x0, 0x0, 0xc6, 0xff, 0xff,
    0xff, 0xed, 0x6e, 0xff, 0xff, 0xff, 0xdf, 0x6,
    0x0, 0x0, 0x0, 0x0, 0x0, 0x0, 0x0, 0x0,
    0x0, 0x42, 0xff, 0xff, 0xff, 0xff, 0xfb, 0xff,
    0xff, 0xff, 0x64, 0x0, 0x0, 0x0, 0x0, 0x0,
    0x0, 0x0, 0x0, 0x0, 0x0, 0x0, 0xbe, 0xff,
    0xff, 0xff, 0xff, 0xff, 0xff, 0xdf, 0x5, 0x0,
    0x0, 0x0, 0x0, 0x0, 0x0, 0x0, 0x0, 0x0,
    0x0, 0x0, 0x3a, 0xff, 0xff, 0xff, 0xff, 0xff,
    0xff, 0x60, 0x0, 0x0, 0x0, 0x0, 0x0, 0x0,
    0x0, 0x0, 0x0, 0x0, 0x0, 0x0, 0x1b, 0xfa,
    0xff, 0xff, 0xff, 0xff, 0xff, 0x19, 0x0, 0x0,
    0x0, 0x0, 0x0, 0x0, 0x0, 0x0, 0x0, 0x0,
    0x0, 0x0, 0x98, 0xff, 0xff, 0xff, 0xff, 0xff,
    0xff, 0x8f, 0x0, 0x0, 0x0, 0x0, 0x0, 0x0,
    0x0, 0x0, 0x0, 0x0, 0x0, 0x21, 0xfa, 0xff,
    0xff, 0xff, 0xff, 0xff, 0xff, 0xf9, 0x1e, 0x0,
    0x0, 0x0, 0x0, 0x0, 0x0, 0x0, 0x0, 0x0,
    0x0, 0x9f, 0xff, 0xff, 0xff, 0xc3, 0xf9, 0xff,
    0xff, 0xff, 0x9d, 0x0, 0x0, 0x0, 0x0, 0x0,
    0x0, 0x0, 0x0, 0x0, 0x27, 0xfc, 0xff, 0xff,
    0xff, 0x46, 0x9e, 0xff, 0xff, 0xff, 0xfc, 0x27,
    0x0, 0x0, 0x0, 0x0, 0x0, 0x0, 0x0, 0x0,
    0xa7, 0xff, 0xff, 0xff, 0xdc, 0x2, 0x2b, 0xff,
    0xff, 0xff, 0xff, 0xaa, 0x0, 0x0, 0x0, 0x0,
    0x0, 0x0, 0x0, 0x2d, 0xfe, 0xff, 0xff, 0xff,
    0x6c, 0x0, 0x0, 0xb8, 0xff, 0xff, 0xff, 0xff,
    0x32, 0x0, 0x0, 0x0, 0x0, 0x0, 0x0, 0xb0,
    0xff, 0xff, 0xff, 0xef, 0xd, 0x0, 0x0, 0x44,
    0xff, 0xff, 0xff, 0xff, 0xb7, 0x0, 0x0, 0x0,
    0x0, 0x0, 0x33, 0xff, 0xff, 0xff, 0xff, 0x87,
    0x0, 0x0, 0x0, 0x0, 0xc9, 0xff, 0xff, 0xff,
    0xff, 0x3e, 0x0, 0x0, 0x0, 0x0, 0xb7, 0xff,
    0xff, 0xff, 0xf8, 0x19, 0x0, 0x0, 0x0, 0x0,
    0x4f, 0xff, 0xff, 0xff, 0xff, 0xc5, 0x0, 0x0,
    0x0, 0x3b, 0xff, 0xff, 0xff, 0xff, 0x9d, 0x0,
    0x0, 0x0, 0x0, 0x0, 0x1, 0xd2, 0xff, 0xff,
    0xff, 0xff, 0x4b, 0x0, 0x0, 0xbe, 0xff, 0xff,
    0xff, 0xfe, 0x28, 0x0, 0x0, 0x0, 0x0, 0x0,
    0x0, 0x59, 0xff, 0xff, 0xff, 0xff, 0xd0, 0x2,
    0x42, 0xff, 0xff, 0xff, 0xff, 0xb3, 0x0, 0x0,
    0x0, 0x0, 0x0, 0x0, 0x0, 0x3, 0xdb, 0xff,
    0xff, 0xff, 0xff, 0x59,

    /* U+0059 "Y" */
    0xa, 0xed, 0xff, 0xff, 0xff, 0xf6, 0x10, 0x0,
    0x0, 0x0, 0x0, 0x0, 0x0, 0x0, 0x55, 0xff,
    0xff, 0xff, 0xff, 0x8e, 0x0, 0x83, 0xff, 0xff,
    0xff, 0xff, 0x69, 0x0, 0x0, 0x0, 0x0, 0x0,
    0x0, 0x0, 0xba, 0xff, 0xff, 0xff, 0xfc, 0x1f,
    0x0, 0x17, 0xf8, 0xff, 0xff, 0xff, 0xcd, 0x0,
    0x0, 0x0, 0x0, 0x0, 0x0, 0x1e, 0xfe, 0xff,
    0xff, 0xff, 0xa8, 0x0, 0x0, 0x0, 0x9e, 0xff,
    0xff, 0xff, 0xff, 0x30, 0x0, 0x0, 0x0, 0x0,
    0x0, 0x80, 0xff, 0xff, 0xff, 0xff, 0x34, 0x0,
    0x0, 0x0, 0x2b, 0xff, 0xff, 0xff, 0xff, 0x94,
    0x0, 0x0, 0x0, 0x0, 0x2, 0xe2, 0xff, 0xff,
    0xff, 0xc2, 0x0, 0x0, 0x0, 0x0, 0x0, 0xb8,
    0xff, 0xff, 0xff, 0xef, 0x8, 0x0, 0x0, 0x0,
    0x47, 0xff, 0xff, 0xff, 0xff, 0x4e, 0x0, 0x0,
    0x0, 0x0, 0x0, 0x44, 0xff, 0xff, 0xff, 0xff,
    0x58, 0x0, 0x0, 0x0, 0xa9, 0xff, 0xff, 0xff,
    0xd9, 0x2, 0x0, 0x0, 0x0, 0x0, 0x0, 0x1,
    0xd1, 0xff, 0xff, 0xff, 0xb6, 0x0, 0x0, 0x10,
    0xf8, 0xff, 0xff, 0xff, 0x67, 0x0, 0x0, 0x0,
    0x0, 0x0, 0x0, 0x0, 0x5e, 0xff, 0xff, 0xff,
    0xfc, 0x18, 0x0, 0x6c, 0xff, 0xff, 0xff, 0xea,
    0x9, 0x0, 0x0, 0x0, 0x0, 0x0, 0x0, 0x0,
    0x6, 0xe5, 0xff, 0xff, 0xff, 0x74, 0x0, 0xce,
    0xff, 0xff, 0xff, 0x81, 0x0, 0x0, 0x0, 0x0,
    0x0, 0x0, 0x0, 0x0, 0x0, 0x79, 0xff, 0xff,
    0xff, 0xd4, 0x30, 0xff, 0xff, 0xff, 0xf8, 0x16,
    0x0, 0x0, 0x0, 0x0, 0x0, 0x0, 0x0, 0x0,
    0x0, 0x11, 0xf5, 0xff, 0xff, 0xff, 0xc5, 0xff,
    0xff, 0xff, 0x9b, 0x0, 0x0, 0x0, 0x0, 0x0,
    0x0, 0x0, 0x0, 0x0, 0x0, 0x0, 0x93, 0xff,
    0xff, 0xff, 0xff, 0xff, 0xff, 0xff, 0x28, 0x0,
    0x0, 0x0, 0x0, 0x0, 0x0, 0x0, 0x0, 0x0,
    0x0, 0x0, 0x22, 0xfd, 0xff, 0xff, 0xff, 0xff,
    0xff, 0xb3, 0x0, 0x0, 0x0, 0x0, 0x0, 0x0,
    0x0, 0x0, 0x0, 0x0, 0x0, 0x0, 0x0, 0xac,
    0xff, 0xff, 0xff, 0xff, 0xff, 0x41, 0x0, 0x0,
    0x0, 0x0, 0x0, 0x0, 0x0, 0x0, 0x0, 0x0,
    0x0, 0x0, 0x0, 0x3b, 0xff, 0xff, 0xff, 0xff,
    0xcf, 0x0, 0x0, 0x0, 0x0, 0x0, 0x0, 0x0,
    0x0, 0x0, 0x0, 0x0, 0x0, 0x0, 0x0, 0x10,
    0xff, 0xff, 0xff, 0xff, 0xa4, 0x0, 0x0, 0x0,
    0x0, 0x0, 0x0, 0x0, 0x0, 0x0, 0x0, 0x0,
    0x0, 0x0, 0x0, 0x10, 0xff, 0xff, 0xff, 0xff,
    0xa4, 0x0, 0x0, 0x0, 0x0, 0x0, 0x0, 0x0,
    0x0, 0x0, 0x0, 0x0, 0x0, 0x0, 0x0, 0x10,
    0xff, 0xff, 0xff, 0xff, 0xa4, 0x0, 0x0, 0x0,
    0x0, 0x0, 0x0, 0x0, 0x0, 0x0, 0x0, 0x0,
    0x0, 0x0, 0x0, 0x10, 0xff, 0xff, 0xff, 0xff,
    0xa4, 0x0, 0x0, 0x0, 0x0, 0x0, 0x0, 0x0,
    0x0, 0x0, 0x0, 0x0, 0x0, 0x0, 0x0, 0x10,
    0xff, 0xff, 0xff, 0xff, 0xa4, 0x0, 0x0, 0x0,
    0x0, 0x0, 0x0, 0x0, 0x0, 0x0, 0x0, 0x0,
    0x0, 0x0, 0x0, 0x10, 0xff, 0xff, 0xff, 0xff,
    0xa4, 0x0, 0x0, 0x0, 0x0, 0x0, 0x0, 0x0,
    0x0, 0x0, 0x0, 0x0, 0x0, 0x0, 0x0, 0x10,
    0xff, 0xff, 0xff, 0xff, 0xa4, 0x0, 0x0, 0x0,
    0x0, 0x0, 0x0, 0x0, 0x0, 0x0, 0x0, 0x0,
    0x0, 0x0, 0x0, 0x10, 0xff, 0xff, 0xff, 0xff,
    0xa4, 0x0, 0x0, 0x0, 0x0, 0x0, 0x0, 0x0,
    0x0, 0x0, 0x0, 0x0, 0x0, 0x0, 0x0, 0x10,
    0xff, 0xff, 0xff, 0xff, 0xa4, 0x0, 0x0, 0x0,
    0x0, 0x0, 0x0, 0x0,

    /* U+005A "Z" */
    0x0, 0x98, 0xff, 0xff, 0xff, 0xff, 0xff, 0xff,
    0xff, 0xff, 0xff, 0xff, 0xff, 0xff, 0xff, 0xff,
    0xff, 0x3c, 0x0, 0x98, 0xff, 0xff, 0xff, 0xff,
    0xff, 0xff, 0xff, 0xff, 0xff, 0xff, 0xff, 0xff,
    0xff, 0xff, 0xff, 0x3c, 0x0, 0x98, 0xff, 0xff,
    0xff, 0xff, 0xff, 0xff, 0xff, 0xff, 0xff, 0xff,
    0xff, 0xff, 0xff, 0xff, 0xff, 0x3c, 0x0, 0x98,
    0xff, 0xff, 0xff, 0xff, 0xff, 0xff, 0xff, 0xff,
    0xff, 0xff, 0xff, 0xff, 0xff, 0xff, 0xdb, 0x8,
    0x0, 0xe, 0x18, 0x18, 0x18, 0x18, 0x18, 0x18,
    0x18, 0x18, 0x1c, 0xdb, 0xff, 0xff, 0xff, 0xff,
    0x46, 0x0, 0x0, 0x0, 0x0, 0x0, 0x0, 0x0,
    0x0, 0x0, 0x0, 0x0, 0x71, 0xff, 0xff, 0xff,
    0xff, 0xa8, 0x0, 0x0, 0x0, 0x0, 0x0, 0x0,
    0x0, 0x0, 0x0, 0x0, 0x0, 0x1d, 0xf3, 0xff,
    0xff, 0xff, 0xf2, 0x19, 0x0, 0x0, 0x0, 0x0,
    0x0, 0x0, 0x0, 0x0, 0x0, 0x0, 0x0, 0xac,
    0xff, 0xff, 0xff, 0xff, 0x6e, 0x0, 0x0, 0x0,
    0x0, 0x0, 0x0, 0x0, 0x0, 0x0, 0x0, 0x0,
    0x49, 0xff, 0xff, 0xff, 0xff, 0xcd, 0x3, 0x0,
    0x0, 0x0, 0x0, 0x0, 0x0, 0x0, 0x0, 0x0,
    0x0, 0xa, 0xde, 0xff, 0xff, 0xff, 0xfe, 0x36,
    0x0, 0x0, 0x0, 0x0, 0x0, 0x0, 0x0, 0x0,
    0x0, 0x0, 0x0, 0x85, 0xff, 0xff, 0xff, 0xff,
    0x97, 0x0, 0x0, 0x0, 0x0, 0x0, 0x0, 0x0,
    0x0, 0x0, 0x0, 0x0, 0x28, 0xfa, 0xff, 0xff,
    0xff, 0xe9, 0x10, 0x0, 0x0, 0x0, 0x0, 0x0,
    0x0, 0x0, 0x0, 0x0, 0x0, 0x1, 0xbf, 0xff,
    0xff, 0xff, 0xff, 0x5c, 0x0, 0x0, 0x0, 0x0,
    0x0, 0x0, 0x0, 0x0, 0x0, 0x0, 0x0, 0x5e,
    0xff, 0xff, 0xff, 0xff, 0xbf, 0x1, 0x0, 0x0,
    0x0, 0x0, 0x0, 0x0, 0x0, 0x0, 0x0, 0x0,
    0x11, 0xea, 0xff, 0xff, 0xff, 0xfa, 0x27, 0x0,
    0x0, 0x0, 0x0, 0x0, 0x0, 0x0, 0x0, 0x0,
    0x0, 0x0, 0x98, 0xff, 0xff, 0xff, 0xff, 0x85,
    0x0, 0x0, 0x0, 0x0, 0x0, 0x0, 0x0, 0x0,
    0x0, 0x0, 0x0, 0x39, 0xfe, 0xff, 0xff, 0xff,
    0xde, 0x9, 0x0, 0x0, 0x0, 0x0, 0x0, 0x0,
    0x0, 0x0, 0x0, 0x0, 0x4, 0xd0, 0xff, 0xff,
    0xff, 0xff, 0x49, 0x0, 0x0, 0x0, 0x0, 0x0,
    0x0, 0x0, 0x0, 0x0, 0x0, 0x0, 0x70, 0xff,
    0xff, 0xff, 0xff, 0xac, 0x0, 0x0, 0x0, 0x0,
    0x0, 0x0, 0x0, 0x0, 0x0, 0x0, 0x0, 0x1d,
    0xf3, 0xff, 0xff, 0xff, 0xf3, 0x1d, 0x0, 0x0,
    0x0, 0x0, 0x0, 0x0, 0x0, 0x0, 0x0, 0x0,
    0x0, 0xac, 0xff, 0xff, 0xff, 0xff, 0x88, 0x1c,
    0x1c, 0x1c, 0x1c, 0x1c, 0x1c, 0x1c, 0x1c, 0x1c,
    0x1c, 0xa, 0x49, 0xff, 0xff, 0xff, 0xff, 0xff,
    0xff, 0xff, 0xff, 0xff, 0xff, 0xff, 0xff, 0xff,
    0xff, 0xff, 0xff, 0x58, 0xa0, 0xff, 0xff, 0xff,
    0xff, 0xff, 0xff, 0xff, 0xff, 0xff, 0xff, 0xff,
    0xff, 0xff, 0xff, 0xff, 0xff, 0x58, 0xa0, 0xff,
    0xff, 0xff, 0xff, 0xff, 0xff, 0xff, 0xff, 0xff,
    0xff, 0xff, 0xff, 0xff, 0xff, 0xff, 0xff, 0x58,
    0xa0, 0xff, 0xff, 0xff, 0xff, 0xff, 0xff, 0xff,
    0xff, 0xff, 0xff, 0xff, 0xff, 0xff, 0xff, 0xff,
    0xff, 0x58,

    /* U+30AF "ク" */
    0x0, 0x0, 0x0, 0x0, 0x0, 0x0, 0x0, 0x0,
    0x0, 0x0, 0x0, 0x34, 0x41, 0x3, 0x0, 0x0,
    0x0, 0x0, 0x0, 0x0, 0x0, 0x0, 0x0, 0x0,
    0x0, 0x0, 0x0, 0x0, 0x0, 0x0, 0x0, 0x0,
    0x0, 0x0, 0x0, 0x0, 0x0, 0x0, 0xb0, 0xff,
    0xe9, 0x98, 0x43, 0x4, 0x0, 0x0, 0x0, 0x0,
    0x0, 0x0, 0x0, 0x0, 0x0, 0x0, 0x0, 0x0,
    0x0, 0x0, 0x0, 0x0, 0x0, 0x0, 0x0, 0x0,
    0x1b, 0xfc, 0xff, 0xff, 0xff, 0xed, 0x18, 0x0,
    0x0, 0x0, 0x0, 0x0, 0x0, 0x0, 0x0, 0x0,
    0x0, 0x0, 0x0, 0x0, 0x0, 0x0, 0x0, 0x0,
    0x0, 0x0, 0x0, 0x98, 0xff, 0xff, 0xff, 0xff,
    0x67, 0x0, 0x0, 0x0, 0x0, 0x0, 0x0, 0x0,
    0x0, 0x0, 0x0, 0x0, 0x0, 0x0, 0x0, 0x0,
    0x0, 0x0, 0x0, 0x0, 0x0, 0x35, 0xfd, 0xff,
    0xff, 0xff, 0xd0, 0x3, 0x0, 0x0, 0x0, 0x0,
    0x0, 0x0, 0x0, 0x0, 0x0, 0x0, 0x0, 0x0,
    0x0, 0x0, 0x0, 0x0, 0x0, 0x0, 0x0, 0x6,
    0xd2, 0xff, 0xff, 0xff, 0xff, 0xbf, 0x90, 0x90,
    0x90, 0x90, 0x90, 0x90, 0x99, 0xb7, 0xd7, 0x56,
    0x0, 0x0, 0x0, 0x0, 0x0, 0x0, 0x0, 0x0,
    0x0, 0x0, 0x85, 0xff, 0xff, 0xff, 0xff, 0xff,
    0xff, 0xff, 0xff, 0xff, 0xff, 0xff, 0xff, 0xff,
    0xff, 0xff, 0xff, 0xb8, 0x22, 0x0, 0x0, 0x0,
    0x0, 0x0, 0x0, 0x0, 0x46, 0xfd, 0xff, 0xff,
    0xff, 0xff, 0xff, 0xff, 0xff, 0xff, 0xff, 0xff,
    0xff, 0xff, 0xff, 0xff, 0xff, 0xff, 0xff, 0x8a,
    0x0, 0x0, 0x0, 0x0, 0x0, 0x0, 0x27, 0xee,
    0xff, 0xff, 0xff, 0xff, 0xff, 0xff, 0xff, 0xff,
    0xff, 0xff, 0xff, 0xff, 0xff, 0xff, 0xff, 0xff,
    0xff, 0xfa, 0x19, 0x0, 0x0, 0x0, 0x0, 0x0,
    0x1e, 0xe0, 0xff, 0xff, 0xff, 0xff, 0x87, 0xc,
    0xc, 0xc, 0xc, 0xc, 0xc, 0xc, 0xc, 0x47,
    0xff, 0xff, 0xff, 0xff, 0xaf, 0x0, 0x0, 0x0,
    0x0, 0x0, 0x23, 0xdf, 0xff, 0xff, 0xff, 0xff,
    0xb1, 0x2, 0x0, 0x0, 0x0, 0x0, 0x0, 0x0,
    0x0, 0x0, 0x85, 0xff, 0xff, 0xff, 0xff, 0x58,
    0x0, 0x0, 0x0, 0x0, 0x3a, 0xea, 0xff, 0xff,
    0xff, 0xff, 0xc7, 0xa, 0x0, 0x0, 0x0, 0x0,
    0x0, 0x0, 0x0, 0x0, 0x3, 0xe2, 0xff, 0xff,
    0xff, 0xf1, 0xa, 0x0, 0x0, 0x1, 0x6c, 0xf9,
    0xff, 0xff, 0xff, 0xff, 0xce, 0x12, 0x0, 0x0,
    0x0, 0x0, 0x0, 0x0, 0x0, 0x0, 0x0, 0x55,
    0xff, 0xff, 0xff, 0xff, 0x94, 0x0, 0x0, 0x1c,
    0xb5, 0xff, 0xff, 0xff, 0xff, 0xff, 0xc7, 0x12,
    0x0, 0x0, 0x0, 0x0, 0x0, 0x0, 0x0, 0x0,
    0x0, 0x2, 0xd0, 0xff, 0xff, 0xff, 0xfe, 0x27,
    0x0, 0x0, 0x54, 0xf3, 0xff, 0xff, 0xff, 0xff,
    0xb2, 0xb, 0x0, 0x0, 0x0, 0x0, 0x0, 0x0,
    0x0, 0x0, 0x0, 0x0, 0x5e, 0xff, 0xff, 0xff,
    0xff, 0xa9, 0x0, 0x0, 0x0, 0x0, 0x24, 0xcd,
    0xff, 0xff, 0x87, 0x3, 0x0, 0x0, 0x0, 0x0,
    0x0, 0x0, 0x0, 0x0, 0x0, 0x0, 0xf, 0xe7,
    0xff, 0xff, 0xff, 0xfc, 0x29, 0x0, 0x0, 0x0,
    0x0, 0x0, 0x6, 0x8a, 0x4d, 0x0, 0x0, 0x0,
    0x0, 0x0, 0x0, 0x0, 0x0, 0x0, 0x0, 0x0,
    0x0, 0xa5, 0xff, 0xff, 0xff, 0xff, 0x95, 0x0,
    0x0, 0x0, 0x0, 0x0, 0x0, 0x0, 0x0, 0x0,
    0x0, 0x0, 0x0, 0x0, 0x0, 0x0, 0x0, 0x0,
    0x0, 0x0, 0x0, 0x6d, 0xff, 0xff, 0xff, 0xff,
    0xe8, 0x11, 0x0, 0x0, 0x0, 0x0, 0x0, 0x0,
    0x0, 0x0, 0x0, 0x0, 0x0, 0x0, 0x0, 0x0,
    0x0, 0x0, 0x0, 0x0, 0x0, 0x53, 0xfd, 0xff,
    0xff, 0xff, 0xff, 0x4e, 0x0, 0x0, 0x0, 0x0,
    0x0, 0x0, 0x0, 0x0, 0x0, 0x0, 0x0, 0x0,
    0x0, 0x0, 0x0, 0x0, 0x0, 0x0, 0x0, 0x56,
    0xfb, 0xff, 0xff, 0xff, 0xff, 0x93, 0x0, 0x0,
    0x0, 0x0, 0x0, 0x0, 0x0, 0x0, 0x0, 0x0,
    0x0, 0x0, 0x0, 0x0, 0x0, 0x0, 0x0, 0x0,
    0x0, 0x74, 0xfd, 0xff, 0xff, 0xff, 0xff, 0xbb,
    0x5, 0x0, 0x0, 0x0, 0x0, 0x0, 0x0, 0x0,
    0x0, 0x0, 0x0, 0x0, 0x0, 0x0, 0x0, 0x0,
    0x0, 0x0, 0x10, 0xa9, 0xff, 0xff, 0xff, 0xff,
    0xff, 0xc9, 0xd, 0x0, 0x0, 0x0, 0x0, 0x0,
    0x0, 0x0, 0x0, 0x0, 0x0, 0x0, 0x0, 0x0,
    0x0, 0x0, 0x0, 0x0, 0x54, 0xe5, 0xff, 0xff,
    0xff, 0xff, 0xff, 0xc7, 0xf, 0x0, 0x0, 0x0,
    0x0, 0x0, 0x0, 0x0, 0x0, 0x0, 0x0, 0x0,
    0x0, 0x0, 0x0, 0x0, 0x0, 0x3c, 0xc1, 0xff,
    0xff, 0xff, 0xff, 0xff, 0xff, 0xb0, 0x9, 0x0,
    0x0, 0x0, 0x0, 0x0, 0x0, 0x0, 0x0, 0x0,
    0x0, 0x0, 0x0, 0x0, 0x0, 0xa, 0x5a, 0xc6,
    0xff, 0xff, 0xff, 0xff, 0xff, 0xff, 0xfe, 0x7e,
    0x2, 0x0, 0x0, 0x0, 0x0, 0x0, 0x0, 0x0,
    0x0, 0x0, 0x0, 0x0, 0x0, 0x0, 0x2d, 0xa6,
    0xf2, 0xff, 0xff, 0xff, 0xff, 0xff, 0xff, 0xff,
    0xe1, 0x42, 0x0, 0x0, 0x0, 0x0, 0x0, 0x0,
    0x0, 0x0, 0x0, 0x0, 0x0, 0x0, 0x0, 0x0,
    0x0, 0x5, 0xa3, 0xff, 0xff, 0xff, 0xff, 0xff,
    0xff, 0xf9, 0x88, 0xb, 0x0, 0x0, 0x0, 0x0,
    0x0, 0x0, 0x0, 0x0, 0x0, 0x0, 0x0, 0x0,
    0x0, 0x0, 0x0, 0x0, 0x0, 0x1, 0x8a, 0xff,
    0xff, 0xff, 0xfb, 0x9d, 0x20, 0x0, 0x0, 0x0,
    0x0, 0x0, 0x0, 0x0, 0x0, 0x0, 0x0, 0x0,
    0x0, 0x0, 0x0, 0x0, 0x0, 0x0, 0x0, 0x0,
    0x0, 0x0, 0x70, 0xec, 0x8b, 0x1f, 0x0, 0x0,
    0x0, 0x0, 0x0, 0x0, 0x0, 0x0, 0x0, 0x0,
    0x0, 0x0, 0x0, 0x0, 0x0, 0x0, 0x0, 0x0,
    0x0, 0x0, 0x0, 0x0, 0x0, 0x0, 0x2, 0x0,
    0x0, 0x0, 0x0, 0x0, 0x0, 0x0, 0x0, 0x0,
    0x0, 0x0, 0x0, 0x0, 0x0, 0x0, 0x0, 0x0,
    0x0, 0x0,

    /* U+30B9 "ス" */
    0x0, 0x0, 0x0, 0x24, 0x5c, 0x4a, 0x3b, 0x34,
    0x34, 0x34, 0x34, 0x34, 0x34, 0x34, 0x34, 0x34,
    0x34, 0x34, 0x34, 0x3b, 0x4f, 0x78, 0x4a, 0x0,
    0x0, 0x0, 0x0, 0x0, 0x0, 0x0, 0x0, 0x58,
    0xff, 0xff, 0xff, 0xff, 0xff, 0xff, 0xff, 0xff,
    0xff, 0xff, 0xff, 0xff, 0xff, 0xff, 0xff, 0xff,
    0xff, 0xff, 0xff, 0x8c, 0x6, 0x0, 0x0, 0x0,
    0x0, 0x0, 0x0, 0x58, 0xff, 0xff, 0xff, 0xff,
    0xff, 0xff, 0xff, 0xff, 0xff, 0xff, 0xff, 0xff,
    0xff, 0xff, 0xff, 0xff, 0xff, 0xff, 0xff, 0xff,
    0x7a, 0x0, 0x0, 0x0, 0x0, 0x0, 0x0, 0x58,
    0xff, 0xff, 0xff, 0xff, 0xff, 0xff, 0xff, 0xff,
    0xff, 0xff, 0xff, 0xff, 0xff, 0xff, 0xff, 0xff,
    0xff, 0xff, 0xff, 0xec, 0x11, 0x0, 0x0, 0x0,
    0x0, 0x0, 0x0, 0x58, 0xff, 0xfa, 0xec, 0xe5,
    0xe4, 0xe4, 0xe4, 0xe4, 0xe4, 0xe4, 0xe4, 0xe4,
    0xe4, 0xe4, 0xf8, 0xff, 0xff, 0xff, 0xff, 0x7d,
    0x0, 0x0, 0x0, 0x0, 0x0, 0x0, 0x0, 0xa,
    0xe, 0x0, 0x0, 0x0, 0x0, 0x0, 0x0, 0x0,
    0x0, 0x0, 0x0, 0x0, 0x0, 0x3, 0xe3, 0xff,
    0xff, 0xff, 0xf4, 0x13, 0x0, 0x0, 0x0, 0x0,
    0x0, 0x0, 0x0, 0x0, 0x0, 0x0, 0x0, 0x0,
    0x0, 0x0, 0x0, 0x0, 0x0, 0x0, 0x0, 0x0,
    0x0, 0x51, 0xff, 0xff, 0xff, 0xff, 0x88, 0x0,
    0x0, 0x0, 0x0, 0x0, 0x0, 0x0, 0x0, 0x0,
    0x0, 0x0, 0x0, 0x0, 0x0, 0x0, 0x0, 0x0,
    0x0, 0x0, 0x0, 0x0, 0x3, 0xd1, 0xff, 0xff,
    0xff, 0xf2, 0x14, 0x0, 0x0, 0x0, 0x0, 0x0,
    0x0, 0x0, 0x0, 0x0, 0x0, 0x0, 0x0, 0x0,
    0x0, 0x0, 0x0, 0x0, 0x0, 0x0, 0x0, 0x0,
    0x67, 0xff, 0xff, 0xff, 0xff, 0x7a, 0x0, 0x0,
    0x0, 0x0, 0x0, 0x0, 0x0, 0x0, 0x0, 0x0,
    0x0, 0x0, 0x0, 0x0, 0x0, 0x0, 0x0, 0x0,
    0x0, 0x0, 0x0, 0x18, 0xef, 0xff, 0xff, 0xff,
    0xe0, 0x9, 0x0, 0x0, 0x0, 0x0, 0x0, 0x0,
    0x0, 0x0, 0x0, 0x0, 0x0, 0x0, 0x0, 0x0,
    0x0, 0x0, 0x0, 0x0, 0x0, 0x0, 0x1, 0xb4,
    0xff, 0xff, 0xff, 0xff, 0x4a, 0x0, 0x0, 0x0,
    0x0, 0x0, 0x0, 0x0, 0x0, 0x0, 0x0, 0x0,
    0x0, 0x0, 0x0, 0x0, 0x0, 0x0, 0x0, 0x0,
    0x0, 0x0, 0x72, 0xff, 0xff, 0xff, 0xff, 0xa9,
    0x0, 0x0, 0x0, 0x0, 0x0, 0x0, 0x0, 0x0,
    0x0, 0x0, 0x0, 0x0, 0x0, 0x0, 0x0, 0x0,
    0x0, 0x0, 0x0, 0x0, 0x0, 0x47, 0xfc, 0xff,
    0xff, 0xff, 0xe5, 0x13, 0x0, 0x0, 0x0, 0x0,
    0x0, 0x0, 0x0, 0x0, 0x0, 0x0, 0x0, 0x0,
    0x0, 0x0, 0x0, 0x0, 0x0, 0x0, 0x0, 0x0,
    0x39, 0xf4, 0xff, 0xff, 0xff, 0xff, 0xda, 0x20,
    0x0, 0x0, 0x0, 0x0, 0x0, 0x0, 0x0, 0x0,
    0x0, 0x0, 0x0, 0x0, 0x0, 0x0, 0x0, 0x0,
    0x0, 0x0, 0x0, 0x3d, 0xf2, 0xff, 0xff, 0xff,
    0xff, 0xff, 0xff, 0xe5, 0x2c, 0x0, 0x0, 0x0,
    0x0, 0x0, 0x0, 0x0, 0x0, 0x0, 0x0, 0x0,
    0x0, 0x0, 0x0, 0x0, 0x0, 0x0, 0x4f, 0xf7,
    0xff, 0xff, 0xff, 0xff, 0xff, 0xff, 0xff, 0xff,
    0xec, 0x33, 0x0, 0x0, 0x0, 0x0, 0x0, 0x0,
    0x0, 0x0, 0x0, 0x0, 0x0, 0x0, 0x0, 0x0,
    0x0, 0x76, 0xfd, 0xff, 0xff, 0xff, 0xff, 0xb6,
    0xee, 0xff, 0xff, 0xff, 0xff, 0xf1, 0x37, 0x0,
    0x0, 0x0, 0x0, 0x0, 0x0, 0x0, 0x0, 0x0,
    0x0, 0x0, 0x0, 0xe, 0xab, 0xff, 0xff, 0xff,
    0xff, 0xff, 0xa4, 0x3, 0x32, 0xee, 0xff, 0xff,
    0xff, 0xff, 0xf1, 0x33, 0x0, 0x0, 0x0, 0x0,
    0x0, 0x0, 0x0, 0x0, 0x0, 0x0, 0x41, 0xe0,
    0xff, 0xff, 0xff, 0xff, 0xff, 0x98, 0x2, 0x0,
    0x0, 0x32, 0xf0, 0xff, 0xff, 0xff, 0xff, 0xee,
    0x2d, 0x0, 0x0, 0x0, 0x0, 0x0, 0x0, 0x0,
    0x15, 0x9c, 0xff, 0xff, 0xff, 0xff, 0xff, 0xff,
    0x7f, 0x0, 0x0, 0x0, 0x0, 0x0, 0x3a, 0xf5,
    0xff, 0xff, 0xff, 0xff, 0xe7, 0x21, 0x0, 0x0,
    0x0, 0x0, 0xc, 0x7a, 0xef, 0xff, 0xff, 0xff,
    0xff, 0xff, 0xf7, 0x58, 0x0, 0x0, 0x0, 0x0,
    0x0, 0x0, 0x0, 0x47, 0xfb, 0xff, 0xff, 0xff,
    0xff, 0xdb, 0x15, 0x0, 0x1b, 0x85, 0xee, 0xff,
    0xff, 0xff, 0xff, 0xff, 0xff, 0xda, 0x2d, 0x0,
    0x0, 0x0, 0x0, 0x0, 0x0, 0x0, 0x0, 0x0,
    0x5f, 0xff, 0xff, 0xff, 0xff, 0xff, 0xc8, 0x9,
    0x20, 0xe3, 0xff, 0xff, 0xff, 0xff, 0xff, 0xff,
    0x9a, 0xc, 0x0, 0x0, 0x0, 0x0, 0x0, 0x0,
    0x0, 0x0, 0x0, 0x0, 0x0, 0x80, 0xff, 0xff,
    0xff, 0xff, 0xf0, 0x30, 0x0, 0x25, 0xe9, 0xff,
    0xff, 0xff, 0xdb, 0x44, 0x0, 0x0, 0x0, 0x0,
    0x0, 0x0, 0x0, 0x0, 0x0, 0x0, 0x0, 0x0,
    0x0, 0x1, 0xab, 0xff, 0xff, 0xe2, 0x2c, 0x0,
    0x0, 0x0, 0x2d, 0xed, 0xee, 0x76, 0x7, 0x0,
    0x0, 0x0, 0x0, 0x0, 0x0, 0x0, 0x0, 0x0,
    0x0, 0x0, 0x0, 0x0, 0x0, 0x0, 0xc, 0xd6,
    0xcf, 0x1a, 0x0, 0x0, 0x0, 0x0, 0x0, 0x25,
    0xe, 0x0, 0x0, 0x0, 0x0, 0x0, 0x0, 0x0,
    0x0, 0x0, 0x0, 0x0, 0x0, 0x0, 0x0, 0x0,
    0x0, 0x0, 0x0, 0x23, 0xc, 0x0, 0x0, 0x0,

    /* U+30D3 "ビ" */
    0x0, 0x0, 0x0, 0x0, 0x0, 0x0, 0x0, 0x0,
    0x0, 0x0, 0x0, 0x0, 0x0, 0x0, 0x0, 0x0,
    0x0, 0x0, 0x0, 0x0, 0x0, 0x5, 0x31, 0x0,
    0x0, 0x0, 0x0, 0x0, 0x0, 0x0, 0x0, 0x0,
    0x0, 0x0, 0x0, 0x0, 0x0, 0x0, 0x0, 0x0,
    0x0, 0x0, 0x0, 0x0, 0x0, 0x0, 0x75, 0xe8,
    0xfc, 0x32, 0x0, 0x0, 0x0, 0x0, 0x0, 0x0,
    0x0, 0x0, 0x0, 0x0, 0x0, 0x0, 0x0, 0x0,
    0x0, 0x0, 0x0, 0x0, 0xa, 0x61, 0xc3, 0x25,
    0x5c, 0xff, 0xff, 0xc9, 0x2, 0x0, 0x5c, 0x8c,
    0x8c, 0x8c, 0x8a, 0x0, 0x0, 0x0, 0x0, 0x0,
    0x0, 0x0, 0x0, 0x0, 0x0, 0x0, 0x6d, 0xff,
    0xff, 0xbf, 0x0, 0xbe, 0xff, 0xff, 0x63, 0x0,
    0x93, 0xff, 0xff, 0xff, 0xe5, 0x0, 0x0, 0x0,
    0x0, 0x0, 0x0, 0x0, 0x0, 0x0, 0x0, 0x0,
    0x3, 0xd0, 0xff, 0xff, 0x53, 0x31, 0xfe, 0xff,
    0xe8, 0x9, 0x82, 0xff, 0xff, 0xff, 0xd0, 0x0,
    0x0, 0x0, 0x0, 0x0, 0x0, 0x0, 0x0, 0x0,
    0x0, 0x0, 0x0, 0x42, 0xff, 0xff, 0xdc, 0x5,
    0xa4, 0xb7, 0x48, 0x1, 0x76, 0xff, 0xff, 0xff,
    0xc5, 0x0, 0x0, 0x0, 0x0, 0x0, 0x0, 0x0,
    0x0, 0x0, 0x0, 0x0, 0x0, 0x0, 0xba, 0xff,
    0xd6, 0x28, 0x2, 0x0, 0x0, 0x0, 0x74, 0xff,
    0xff, 0xff, 0xc4, 0x0, 0x0, 0x0, 0x0, 0x0,
    0x0, 0x0, 0x0, 0x0, 0x0, 0x0, 0x0, 0x0,
    0x3c, 0x6a, 0x1, 0x0, 0x0, 0x0, 0x0, 0x0,
    0x74, 0xff, 0xff, 0xff, 0xc4, 0x0, 0x0, 0x0,
    0x0, 0x0, 0x0, 0x0, 0x0, 0x0, 0x0, 0x0,
    0xb, 0x70, 0xe9, 0xbc, 0x0, 0x0, 0x0, 0x0,
    0x0, 0x0, 0x74, 0xff, 0xff, 0xff, 0xc4, 0x0,
    0x0, 0x0, 0x0, 0x0, 0x0, 0x0, 0x0, 0x0,
    0x2c, 0x93, 0xf1, 0xff, 0xff, 0xff, 0x2b, 0x0,
    0x0, 0x0, 0x0, 0x0, 0x74, 0xff, 0xff, 0xff,
    0xc4, 0x0, 0x0, 0x0, 0x0, 0x0, 0x0, 0x1c,
    0x72, 0xcb, 0xff, 0xff, 0xff, 0xff, 0xff, 0xff,
    0x96, 0x0, 0x0, 0x0, 0x0, 0x0, 0x74, 0xff,
    0xff, 0xff, 0xc4, 0x0, 0x0, 0x0, 0x2a, 0x78,
    0xc8, 0xff, 0xff, 0xff, 0xff, 0xff, 0xff, 0xff,
    0xff, 0xff, 0xc8, 0x1, 0x0, 0x0, 0x0, 0x0,
    0x74, 0xff, 0xff, 0xff, 0xcf, 0x55, 0x98, 0xe0,
    0xff, 0xff, 0xff, 0xff, 0xff, 0xff, 0xff, 0xff,
    0xff, 0xf9, 0xa8, 0x3d, 0x0, 0x0, 0x0, 0x0,
    0x0, 0x0, 0x74, 0xff, 0xff, 0xff, 0xff, 0xff,
    0xff, 0xff, 0xff, 0xff, 0xff, 0xff, 0xff, 0xff,
    0xff, 0xc9, 0x6c, 0x13, 0x0, 0x0, 0x0, 0x0,
    0x0, 0x0, 0x0, 0x0, 0x74, 0xff, 0xff, 0xff,
    0xff, 0xff, 0xff, 0xff, 0xff, 0xff, 0xff, 0xff,
    0xca, 0x77, 0x23, 0x0, 0x0, 0x0, 0x0, 0x0,
    0x0, 0x0, 0x0, 0x0, 0x0, 0x0, 0x74, 0xff,
    0xff, 0xff, 0xff, 0xff, 0xff, 0xff, 0xf8, 0xb9,
    0x6a, 0x1b, 0x0, 0x0, 0x0, 0x0, 0x0, 0x0,
    0x0, 0x0, 0x0, 0x0, 0x0, 0x0, 0x0, 0x0,
    0x74, 0xff, 0xff, 0xff, 0xff, 0xd7, 0x93, 0x4c,
    0xb, 0x0, 0x0, 0x0, 0x0, 0x0, 0x0, 0x0,
    0x0, 0x0, 0x0, 0x0, 0x0, 0x0, 0x0, 0x0,
    0x0, 0x0, 0x74, 0xff, 0xff, 0xff, 0xc5, 0x0,
    0x0, 0x0, 0x0, 0x0, 0x0, 0x0, 0x0, 0x0,
    0x0, 0x0, 0x0, 0x0, 0x0, 0x0, 0x0, 0x0,
    0x0, 0x0, 0x0, 0x0, 0x74, 0xff, 0xff, 0xff,
    0xc4, 0x0, 0x0, 0x0, 0x0, 0x0, 0x0, 0x0,
    0x0, 0x0, 0x0, 0x0, 0x0, 0x0, 0x0, 0x0,
    0x0, 0x0, 0x0, 0x0, 0x0, 0x0, 0x74, 0xff,
    0xff, 0xff, 0xc4, 0x0, 0x0, 0x0, 0x0, 0x0,
    0x0, 0x0, 0x0, 0x0, 0x0, 0x0, 0x0, 0x0,
    0x0, 0x0, 0x0, 0x0, 0x0, 0x0, 0x0, 0x0,
    0x74, 0xff, 0xff, 0xff, 0xc4, 0x0, 0x0, 0x0,
    0x0, 0x0, 0x0, 0x0, 0x0, 0x0, 0x0, 0x0,
    0x0, 0x0, 0x0, 0x0, 0x0, 0x0, 0x0, 0x0,
    0x0, 0x0, 0x74, 0xff, 0xff, 0xff, 0xc4, 0x0,
    0x0, 0x0, 0x0, 0x0, 0x0, 0x0, 0x0, 0x0,
    0x0, 0x0, 0x0, 0x0, 0x0, 0x0, 0x0, 0x0,
    0x0, 0x0, 0x0, 0x0, 0x74, 0xff, 0xff, 0xff,
    0xc4, 0x0, 0x0, 0x0, 0x0, 0x0, 0x0, 0x0,
    0x0, 0x0, 0x0, 0x0, 0x0, 0x0, 0x0, 0x0,
    0x0, 0x0, 0x0, 0x0, 0x0, 0x0, 0x74, 0xff,
    0xff, 0xff, 0xd7, 0x0, 0x0, 0x0, 0x0, 0x0,
    0x0, 0x0, 0x0, 0x0, 0x0, 0x0, 0x0, 0x0,
    0x0, 0x0, 0x0, 0x0, 0x0, 0x0, 0x0, 0x0,
    0x71, 0xff, 0xff, 0xff, 0xff, 0x8b, 0x22, 0x1,
    0x0, 0x0, 0x0, 0x0, 0x0, 0x0, 0x3, 0x14,
    0x27, 0x40, 0x60, 0x87, 0xb4, 0x9f, 0x0, 0x0,
    0x0, 0x0, 0x50, 0xff, 0xff, 0xff, 0xff, 0xff,
    0xff, 0xf8, 0xe6, 0xdc, 0xd8, 0xdb, 0xe4, 0xf2,
    0xff, 0xff, 0xff, 0xff, 0xff, 0xff, 0xff, 0xb4,
    0x0, 0x0, 0x0, 0x0, 0xb, 0xea, 0xff, 0xff,
    0xff, 0xff, 0xff, 0xff, 0xff, 0xff, 0xff, 0xff,
    0xff, 0xff, 0xff, 0xff, 0xff, 0xff, 0xff, 0xff,
    0xff, 0xb4, 0x0, 0x0, 0x0, 0x0, 0x0, 0x42,
    0xf3, 0xff, 0xff, 0xff, 0xff, 0xff, 0xff, 0xff,
    0xff, 0xff, 0xff, 0xff, 0xff, 0xff, 0xff, 0xff,
    0xff, 0xff, 0xff, 0xb4, 0x0, 0x0, 0x0, 0x0,
    0x0, 0x0, 0x1e, 0x98, 0xea, 0xff, 0xff, 0xff,
    0xff, 0xff, 0xff, 0xff, 0xff, 0xff, 0xff, 0xff,
    0xff, 0xff, 0xff, 0xf6, 0xdc, 0x87, 0x0, 0x0,
    0x0, 0x0, 0x0, 0x0, 0x0, 0x0, 0x1, 0x1c,
    0x36, 0x4a, 0x56, 0x5d, 0x60, 0x5e, 0x59, 0x52,
    0x48, 0x3c, 0x2e, 0x1e, 0xc, 0x0, 0x0, 0x0,
    0x0, 0x0, 0x0, 0x0,

    /* U+30FB "・" */
    0x0, 0x0, 0x0, 0x29, 0x6b, 0x6c, 0x2b, 0x0,
    0x0, 0x0, 0x0, 0x1, 0x8a, 0xfe, 0xff, 0xff,
    0xff, 0x8c, 0x1, 0x0, 0x0, 0x6d, 0xff, 0xff,
    0xff, 0xff, 0xff, 0xff, 0x6d, 0x0, 0x0, 0xe5,
    0xff, 0xff, 0xff, 0xff, 0xff, 0xff, 0xe5, 0x0,
    0x14, 0xff, 0xff, 0xff, 0xff, 0xff, 0xff, 0xff,
    0xff, 0x12, 0x8, 0xfd, 0xff, 0xff, 0xff, 0xff,
    0xff, 0xff, 0xfd, 0x8, 0x0, 0xb6, 0xff, 0xff,
    0xff, 0xff, 0xff, 0xff, 0xb5, 0x0, 0x0, 0x25,
    0xee, 0xff, 0xff, 0xff, 0xff, 0xee, 0x25, 0x0,
    0x0, 0x0, 0x24, 0xaf, 0xf4, 0xf6, 0xb2, 0x25,
    0x0, 0x0,

    /* U+30FC "ー" */
    0xe, 0xe0, 0xd3, 0xc8, 0xbe, 0xb9, 0xb8, 0xb8,
    0xb8, 0xb8, 0xb8, 0xb8, 0xb8, 0xb8, 0xb8, 0xb8,
    0xb8, 0xb8, 0xb8, 0xb8, 0xb8, 0xb8, 0xb8, 0xb9,
    0xbf, 0xce, 0xe0, 0x7, 0x10, 0xff, 0xff, 0xff,
    0xff, 0xff, 0xff, 0xff, 0xff, 0xff, 0xff, 0xff,
    0xff, 0xff, 0xff, 0xff, 0xff, 0xff, 0xff, 0xff,
    0xff, 0xff, 0xff, 0xff, 0xff, 0xff, 0xff, 0x8,
    0x10, 0xff, 0xff, 0xff, 0xff, 0xff, 0xff, 0xff,
    0xff, 0xff, 0xff, 0xff, 0xff, 0xff, 0xff, 0xff,
    0xff, 0xff, 0xff, 0xff, 0xff, 0xff, 0xff, 0xff,
    0xff, 0xff, 0xff, 0x8, 0x10, 0xff, 0xff, 0xff,
    0xff, 0xff, 0xff, 0xff, 0xff, 0xff, 0xff, 0xff,
    0xff, 0xff, 0xff, 0xff, 0xff, 0xff, 0xff, 0xff,
    0xff, 0xff, 0xff, 0xff, 0xff, 0xff, 0xff, 0x8,
    0x10, 0xff, 0xff, 0xff, 0xfb, 0xf7, 0xf4, 0xf4,
    0xf4, 0xf4, 0xf4, 0xf4, 0xf4, 0xf4, 0xf4, 0xf4,
    0xf4, 0xf4, 0xf4, 0xf4, 0xf4, 0xf4, 0xf4, 0xf5,
    0xfb, 0xff, 0xff, 0x8, 0x2, 0x13, 0x8, 0x0,
    0x0, 0x0, 0x0, 0x0, 0x0, 0x0, 0x0, 0x0,
    0x0, 0x0, 0x0, 0x0, 0x0, 0x0, 0x0, 0x0,
    0x0, 0x0, 0x0, 0x0, 0x0, 0x6, 0x15, 0x1
};


/*---------------------
 *  GLYPH DESCRIPTION
 *--------------------*/

static const lv_font_fmt_txt_glyph_dsc_t glyph_dsc[] = {
    {.bitmap_index = 0, .adv_w = 0, .box_w = 0, .box_h = 0, .ofs_x = 0, .ofs_y = 0} /* id = 0 reserved */,
    {.bitmap_index = 0, .adv_w = 328, .box_w = 22, .box_h = 25, .ofs_x = -1, .ofs_y = 0},
    {.bitmap_index = 550, .adv_w = 349, .box_w = 19, .box_h = 25, .ofs_x = 2, .ofs_y = 0},
    {.bitmap_index = 1025, .adv_w = 336, .box_w = 20, .box_h = 25, .ofs_x = 1, .ofs_y = 0},
    {.bitmap_index = 1525, .adv_w = 366, .box_w = 20, .box_h = 25, .ofs_x = 2, .ofs_y = 0},
    {.bitmap_index = 2025, .adv_w = 315, .box_w = 16, .box_h = 25, .ofs_x = 2, .ofs_y = 0},
    {.bitmap_index = 2425, .adv_w = 300, .box_w = 16, .box_h = 25, .ofs_x = 2, .ofs_y = 0},
    {.bitmap_index = 2825, .adv_w = 367, .box_w = 20, .box_h = 25, .ofs_x = 1, .ofs_y = 0},
    {.bitmap_index = 3325, .adv_w = 388, .box_w = 20, .box_h = 25, .ofs_x = 2, .ofs_y = 0},
    {.bitmap_index = 3825, .adv_w = 169, .box_w = 6, .box_h = 25, .ofs_x = 2, .ofs_y = 0},
    {.bitmap_index = 3975, .adv_w = 291, .box_w = 16, .box_h = 25, .ofs_x = 0, .ofs_y = 0},
    {.bitmap_index = 4375, .adv_w = 351, .box_w = 21, .box_h = 25, .ofs_x = 2, .ofs_y = 0},
    {.bitmap_index = 4900, .adv_w = 296, .box_w = 16, .box_h = 25, .ofs_x = 2, .ofs_y = 0},
    {.bitmap_index = 5300, .adv_w = 437, .box_w = 23, .box_h = 25, .ofs_x = 2, .ofs_y = 0},
    {.bitmap_index = 5875, .adv_w = 383, .box_w = 20, .box_h = 25, .ofs_x = 2, .ofs_y = 0},
    {.bitmap_index = 6375, .adv_w = 394, .box_w = 22, .box_h = 25, .ofs_x = 1, .ofs_y = 0},
    {.bitmap_index = 6925, .adv_w = 342, .box_w = 18, .box_h = 25, .ofs_x = 2, .ofs_y = 0},
    {.bitmap_index = 7375, .adv_w = 394, .box_w = 23, .box_h = 32, .ofs_x = 1, .ofs_y = -7},
    {.bitmap_index = 8111, .adv_w = 349, .box_w = 20, .box_h = 25, .ofs_x = 2, .ofs_y = 0},
    {.bitmap_index = 8611, .adv_w = 319, .box_w = 18, .box_h = 25, .ofs_x = 1, .ofs_y = 0},
    {.bitmap_index = 9061, .adv_w = 320, .box_w = 20, .box_h = 25, .ofs_x = 0, .ofs_y = 0},
    {.bitmap_index = 9561, .adv_w = 383, .box_w = 20, .box_h = 25, .ofs_x = 2, .ofs_y = 0},
    {.bitmap_index = 10061, .adv_w = 317, .box_w = 21, .box_h = 25, .ofs_x = -1, .ofs_y = 0},
    {.bitmap_index = 10586, .adv_w = 468, .box_w = 29, .box_h = 25, .ofs_x = 0, .ofs_y = 0},
    {.bitmap_index = 11311, .adv_w = 321, .box_w = 20, .box_h = 25, .ofs_x = 0, .ofs_y = 0},
    {.bitmap_index = 11811, .adv_w = 297, .box_w = 20, .box_h = 25, .ofs_x = -1, .ofs_y = 0},
    {.bitmap_index = 12311, .adv_w = 314, .box_w = 18, .box_h = 25, .ofs_x = 1, .ofs_y = 0},
    {.bitmap_index = 12761, .adv_w = 512, .box_w = 27, .box_h = 30, .ofs_x = 2, .ofs_y = -3},
    {.bitmap_index = 13571, .adv_w = 512, .box_w = 28, .box_h = 26, .ofs_x = 2, .ofs_y = -2},
    {.bitmap_index = 14299, .adv_w = 512, .box_w = 26, .box_h = 30, .ofs_x = 5, .ofs_y = -2},
    {.bitmap_index = 15079, .adv_w = 512, .box_w = 10, .box_h = 9, .ofs_x = 11, .ofs_y = 8},
    {.bitmap_index = 15169, .adv_w = 512, .box_w = 28, .box_h = 6, .ofs_x = 2, .ofs_y = 9}
};

/*---------------------
 *  CHARACTER MAPPING
 *--------------------*/

static const uint16_t unicode_list_1[] = {
    0x0, 0xa, 0x24, 0x4c, 0x4d
};

/*Collect the unicode lists and glyph_id offsets*/
static const lv_font_fmt_txt_cmap_t cmaps[] =
{
    {
        .range_start = 65, .range_length = 26, .glyph_id_start = 1,
        .unicode_list = NULL, .glyph_id_ofs_list = NULL, .list_length = 0, .type = LV_FONT_FMT_TXT_CMAP_FORMAT0_TINY
    },
    {
        .range_start = 12463, .range_length = 78, .glyph_id_start = 27,
        .unicode_list = unicode_list_1, .glyph_id_ofs_list = NULL, .list_length = 5, .type = LV_FONT_FMT_TXT_CMAP_SPARSE_TINY
    }
};

/*-----------------
 *    KERNING
 *----------------*/


/*Map glyph_ids to kern left classes*/
static const uint8_t kern_left_class_mapping[] =
{
    0, 1, 2, 3, 4, 0, 5, 6,
    0, 0, 7, 8, 9, 0, 0, 4,
    10, 4, 11, 12, 13, 14, 15, 16,
    17, 18, 19, 20, 0, 0, 0, 21
};

/*Map glyph_ids to kern right classes*/
static const uint8_t kern_right_class_mapping[] =
{
    0, 1, 0, 2, 0, 0, 0, 2,
    0, 0, 3, 0, 0, 0, 0, 2,
    0, 2, 0, 4, 5, 6, 7, 8,
    9, 10, 11, 12, 13, 0, 14, 0
};

/*Kern values between classes*/
static const int8_t kern_class_values[] =
{
    -4, -9, 0, 0, -42, -11, -13, 0,
    -5, -13, -4, 0, 0, 0, 0, 0,
    -13, -13, -18, 0, -9, -7, -7, -13,
    -7, 0, 0, 0, 0, -23, -9, -18,
    -11, -13, -7, -7, -7, -11, -9, 0,
    0, 0, -9, 0, -32, 0, -18, 0,
    -9, -4, -17, -14, -14, 0, 0, 0,
    -25, -9, -81, -18, 0, 0, -5, -5,
    -18, -8, -20, 0, 0, 0, -7, 0,
    0, 0, -14, 0, -13, -7, 0, 0,
    0, 0, 0, 0, 0, 0, -26, 0,
    0, 0, 0, 0, 0, 0, 0, 0,
    0, 0, -9, -18, 0, -13, -17, -13,
    -12, -9, 0, -16, 0, 0, 0, 0,
    -5, -22, 0, -18, -72, -23, -48, -36,
    0, -51, 0, 0, 0, 0, -32, 0,
    -86, -9, -13, 0, 0, 0, -18, -9,
    -40, 0, 0, 0, -7, 0, -11, -11,
    -13, 0, -7, -2, -7, -9, -9, 0,
    0, 0, 0, 0, -13, -13, -14, 0,
    0, 0, 0, -13, 0, 0, 0, 0,
    -26, -18, -75, -20, 0, 0, 0, 0,
    -14, -13, -30, 0, 0, 0, -10, 0,
    -34, -9, 0, 0, -7, 0, -9, -13,
    0, 0, 0, 0, -13, -9, -41, -9,
    0, -9, 3, 0, 0, 0, -14, 0,
    0, 0, 0, -4, -34, -4, 0, 0,
    0, 0, 0, 0, -4, 0, 0, 0,
    -5, -17, -9, -13, -14, -9, 0, 0,
    0, 0, 0, 0, 0, 0, -13, -13,
    -61, -13, -13, -9, 0, 0, 0, 0,
    -16, 0, 0, 0, -4, -14, -18, -20,
    0, -9, -4, -4, 0, -13, -10, 0,
    0, 0, 0, 0, 0, 0, 0, 0,
    0, 0, 0, 0, 0, -20, -15, -10,
    0, 0, 0, 0, 0, 0, 0, 0,
    0, 0, 0, 0, -26, 0
};


/*Collect the kern class' data in one place*/
static const lv_font_fmt_txt_kern_classes_t kern_classes =
{
    .class_pair_values   = kern_class_values,
    .left_class_mapping  = kern_left_class_mapping,
    .right_class_mapping = kern_right_class_mapping,
    .left_class_cnt      = 21,
    .right_class_cnt     = 14,
};

/*--------------------
 *  ALL CUSTOM DATA
 *--------------------*/

#if LVGL_VERSION_MAJOR == 8
/*Store all the custom data of the font*/
static  lv_font_fmt_txt_glyph_cache_t cache;
#endif

#if LVGL_VERSION_MAJOR >= 8
static const lv_font_fmt_txt_dsc_t font_dsc = {
#else
static lv_font_fmt_txt_dsc_t font_dsc = {
#endif
    .glyph_bitmap = glyph_bitmap,
    .glyph_dsc = glyph_dsc,
    .cmaps = cmaps,
    .kern_dsc = &kern_classes,
    .kern_scale = 16,
    .cmap_num = 2,
    .bpp = 8,
    .kern_classes = 1,
    .bitmap_format = 0,
#if LVGL_VERSION_MAJOR == 8
    .cache = &cache
#endif

};



/*-----------------
 *  PUBLIC FONT
 *----------------*/

/*Initialize a public general font descriptor*/
#if LVGL_VERSION_MAJOR >= 8
const lv_font_t Klor_Mixed_32 = {
#else
lv_font_t Klor_Mixed_32 = {
#endif
    .get_glyph_dsc = lv_font_get_glyph_dsc_fmt_txt,    /*Function pointer to get glyph's data*/
    .get_glyph_bitmap = lv_font_get_bitmap_fmt_txt,    /*Function pointer to get glyph's bitmap*/
    .line_height = 35,          /*The maximum line height required by the font*/
    .base_line = 7,             /*Baseline measured from the bottom of the line*/
#if !(LVGL_VERSION_MAJOR == 6 && LVGL_VERSION_MINOR == 0)
    .subpx = LV_FONT_SUBPX_NONE,
#endif
#if LV_VERSION_CHECK(7, 4, 0) || LVGL_VERSION_MAJOR >= 8
    .underline_position = -4,
    .underline_thickness = 2,
#endif
    .dsc = &font_dsc,          /*The custom font data. Will be accessed by `get_glyph_bitmap/dsc` */
#if LV_VERSION_CHECK(8, 2, 0) || LVGL_VERSION_MAJOR >= 9
    .fallback = NULL,
#endif
    .user_data = NULL,
};



#endif /*#if KLOR_MIXED_32*/
